id_pessoa;abs_eventos;abs_qtd_total;horas_previstas_total;acidentes_eventos;acidentes_com_afastamento;acidentes_dias_perdidos;he_eventos;he_referencia_total;he_valor_total;hi_eventos;hi_minutos_irregulares;hi_minutos_extras;mov_sal_eventos;mov_sal_valor_total;mov_sal_perc_medio
jan-900000;0.0;0.0;0.0;0.0;0.0;0.0;0.0;0.0;0.0;29.0;957.0000841701777;0.0;7.0;1132.9658471677162;0.16423300404109775
jan-900001;0.0;0.0;0.0;0.0;0.0;0.0;0.0;0.0;0.0;18.0;7678.470681738528;0.0;2.0;142.94030419717708;0.07294785253812616
jan-900002;0.0;0.0;0.0;0.0;0.0;0.0;0.0;0.0;0.0;0.0;0.0;0.0;0.0;0.0;0.0
jan-900003;0.0;0.0;0.0;0.0;0.0;0.0;0.0;0.0;0.0;13.0;3288.4642431221037;0.0;4.0;298.24121513865117;0.05973128084859081
jan-900004;0.0;0.0;0.0;0.0;0.0;0.0;4.0;1.6658250728827844;16.689954900840178;0.0;0.0;0.0;3.0;361.58646105109744;0.08820250870439285
jan-900005;0.0;0.0;0.0;0.0;0.0;0.0;0.0;0.0;0.0;0.0;0.0;0.0;0.0;0.0;0.0
jan-900006;0.0;0.0;0.0;0.0;0.0;0.0;0.0;0.0;0.0;0.0;0.0;0.0;0.0;0.0;0.0
jan-900007;0.0;0.0;0.0;0.0;0.0;0.0;0.0;0.0;0.0;1.0;273.09923212100546;0.0;0.0;0.0;0.0
jan-900008;0.0;0.0;0.0;0.0;0.0;0.0;0.0;0.0;0.0;0.0;0.0;0.0;0.0;0.0;0.0
jan-900009;0.0;0.0;0.0;0.0;0.0;0.0;3.0;6.272733383806858;120.71595522476713;0.0;0.0;0.0;0.0;0.0;0.0
jan-900010;0.0;0.0;0.0;0.0;0.0;0.0;5.0;30.419309118710537;410.93635484412806;3.0;93.51823995065956;0.0;1.0;43.548796066642716;0.032220497961816905
jan-900011;0.0;0.0;0.0;0.0;0.0;0.0;0.0;0.0;0.0;0.0;0.0;0.0;0.0;0.0;0.0
jan-900012;0.0;0.0;0.0;1.0;0.0;0.0;0.0;0.0;0.0;1.0;652.4086081766067;0.0;3.0;72.29852260639251;0.01912342082107525
jan-900013;0.0;0.0;0.0;0.0;0.0;0.0;28.0;209.6608061848218;1798.0514967845081;31.0;6976.477014808851;0.0;6.0;304.79498326629795;0.04091055206514938
jan-900014;0.0;0.0;0.0;0.0;0.0;0.0;0.0;0.0;0.0;0.0;0.0;0.0;0.0;0.0;0.0
jan-900015;0.0;0.0;0.0;0.0;0.0;0.0;51.0;169.12069535508232;2355.8753052070765;42.0;9964.662495497585;0.0;11.0;686.957259397064;0.05598454951680767
jan-900016;0.0;0.0;0.0;0.0;0.0;0.0;7.0;9.171698554972597;138.57721102311132;3.0;1055.5831423644775;0.0;4.0;233.73963001373585;0.039636107649155115
jan-900017;0.0;0.0;0.0;0.0;0.0;0.0;8.0;41.723648763742204;916.7669009888705;12.0;3360.416700529519;0.0;4.0;47.43038584555228;0.006900959772176918
jan-900018;0.0;0.0;0.0;0.0;0.0;0.0;0.0;0.0;0.0;2.0;1081.922749556671;0.0;3.0;71.6412759304794;0.026542598664095526
jan-900019;0.0;0.0;0.0;0.0;0.0;0.0;0.0;0.0;0.0;1.0;566.2803514592159;0.0;1.0;22.823905429636298;0.019772090974283247
jan-900020;0.0;0.0;0.0;0.0;0.0;0.0;0.0;0.0;0.0;5.0;223.84122843472917;0.0;5.0;435.41775911176103;0.07526790341294075
jan-900021;0.0;0.0;0.0;0.0;0.0;0.0;29.0;73.67922471155497;993.7229429964449;4.0;2051.4153789108373;0.0;2.0;239.2633328689302;0.09617066537328073
jan-900022;0.0;0.0;0.0;0.0;0.0;0.0;0.0;0.0;0.0;0.0;0.0;0.0;1.0;14.408721398670439;0.008099405052210218
jan-900023;0.0;0.0;0.0;0.0;0.0;0.0;0.0;0.0;0.0;0.0;0.0;0.0;1.0;21.36957894774364;0.015821097177291805
jan-900024;0.0;0.0;0.0;0.0;0.0;0.0;10.0;19.05819482558686;153.21493919048027;1.0;523.8053760977881;0.0;1.0;71.00296956661164;0.04758434297907654
jan-900025;0.0;0.0;0.0;0.0;0.0;0.0;16.0;54.14413449371035;745.2240262124144;16.0;5702.76557403535;0.0;3.0;308.42891814395216;0.09034403064014428
jan-900026;0.0;0.0;0.0;0.0;0.0;0.0;0.0;0.0;0.0;5.0;2199.8809248301372;0.0;1.0;49.166831369042754;0.039901318361244456
jan-900027;0.0;0.0;0.0;0.0;0.0;0.0;0.0;0.0;0.0;0.0;0.0;0.0;0.0;0.0;0.0
jan-900028;0.0;0.0;0.0;1.0;0.0;0.0;0.0;0.0;0.0;20.0;11263.094572037156;0.0;8.0;676.7345934258451;0.06529192112320763
jan-900029;0.0;0.0;0.0;1.0;0.0;0.0;0.0;0.0;0.0;16.0;1109.5064495281765;0.0;1.0;8.633603463123924;0.010260051391301766
jan-900030;0.0;0.0;0.0;0.0;0.0;0.0;2.0;3.779446262274449;51.08227298987366;1.0;504.2598978809009;0.0;1.0;108.15210987749646;0.09776227950868385
jan-900031;0.0;0.0;0.0;0.0;0.0;0.0;0.0;0.0;0.0;0.0;0.0;0.0;0.0;0.0;0.0
jan-900032;0.0;0.0;0.0;0.0;0.0;0.0;0.0;0.0;0.0;0.0;0.0;0.0;0.0;0.0;0.0
jan-900033;0.0;0.0;0.0;0.0;0.0;0.0;0.0;0.0;0.0;0.0;0.0;0.0;4.0;347.43034381248043;0.04509901252786588
jan-900034;0.0;0.0;0.0;0.0;0.0;0.0;0.0;0.0;0.0;0.0;0.0;0.0;0.0;0.0;0.0
jan-900035;0.0;0.0;0.0;0.0;0.0;0.0;0.0;0.0;0.0;0.0;0.0;0.0;2.0;22.353280821721796;0.024908356032584074
jan-900036;0.0;0.0;0.0;0.0;0.0;0.0;0.0;0.0;0.0;5.0;1679.5121742760962;0.0;3.0;210.6061639029646;0.050531360140401174
jan-900037;0.0;0.0;0.0;0.0;0.0;0.0;0.0;0.0;0.0;2.0;765.8885274290806;0.0;1.0;50.63005416142387;0.03182084305236665
jan-900038;0.0;0.0;0.0;0.0;0.0;0.0;22.0;102.20489939582416;1090.7986193968757;31.0;5713.793878326154;0.0;7.0;452.6039304979335;0.06238619379873952
jan-900039;0.0;0.0;0.0;0.0;0.0;0.0;0.0;0.0;0.0;1.0;375.7619455129213;0.0;0.0;0.0;0.0
jan-900040;0.0;0.0;0.0;0.0;0.0;0.0;0.0;0.0;0.0;0.0;0.0;0.0;1.0;25.03593596808399;0.04683516528402088
jan-900041;0.0;0.0;0.0;0.0;0.0;0.0;0.0;0.0;0.0;0.0;0.0;0.0;0.0;0.0;0.0
jan-900042;0.0;0.0;0.0;0.0;0.0;0.0;0.0;0.0;0.0;0.0;0.0;0.0;0.0;0.0;0.0
jan-900043;0.0;0.0;0.0;0.0;0.0;0.0;9.0;30.987924055358853;600.9952988182087;45.0;4517.9488688122765;0.0;3.0;283.2980432283258;0.05775873888228004
jan-900044;0.0;0.0;0.0;1.0;0.0;0.0;12.0;56.36358708373922;602.5272487732664;23.0;9975.544381559801;0.0;4.0;283.8797861811032;0.0449800589296404
jan-900045;0.0;0.0;0.0;0.0;0.0;0.0;0.0;0.0;0.0;0.0;0.0;0.0;5.0;231.1686705095142;0.04924287606614753
jan-900046;0.0;0.0;0.0;0.0;0.0;0.0;0.0;0.0;0.0;0.0;0.0;0.0;0.0;0.0;0.0
jan-900047;0.0;0.0;0.0;0.0;0.0;0.0;18.0;174.40103990298675;3004.6767878045803;25.0;8850.63357279824;0.0;3.0;172.59217798596998;0.02802546527714927
jan-900048;0.0;0.0;0.0;0.0;0.0;0.0;0.0;0.0;0.0;0.0;0.0;0.0;8.0;406.69884910407364;0.03704256427746085
jan-900049;0.0;0.0;0.0;0.0;0.0;0.0;0.0;0.0;0.0;0.0;0.0;0.0;0.0;0.0;0.0
jan-900050;0.0;0.0;0.0;0.0;0.0;0.0;0.0;0.0;0.0;0.0;0.0;0.0;0.0;0.0;0.0
jan-900051;0.0;0.0;0.0;0.0;0.0;0.0;0.0;0.0;0.0;3.0;1201.1062711489299;0.0;4.0;454.91804591962534;0.08601295716040519
jan-900052;0.0;0.0;0.0;0.0;0.0;0.0;0.0;0.0;0.0;1.0;8.796012690223717;0.0;0.0;0.0;0.0
jan-900053;0.0;0.0;0.0;0.0;0.0;0.0;0.0;0.0;0.0;0.0;0.0;0.0;0.0;0.0;0.0
jan-900054;0.0;0.0;0.0;1.0;0.0;0.0;0.0;0.0;0.0;0.0;0.0;0.0;3.0;240.96249494665122;0.07193175286134197
jan-900055;0.0;0.0;0.0;0.0;0.0;0.0;0.0;0.0;0.0;3.0;1123.8972858808;0.0;1.0;93.29363198875068;0.08493158815533487
jan-900056;0.0;0.0;0.0;0.0;0.0;0.0;0.0;0.0;0.0;0.0;0.0;0.0;1.0;41.40222310716252;0.03923295532597616
jan-900057;0.0;0.0;0.0;0.0;0.0;0.0;3.0;12.61973158609185;203.90048909181476;1.0;440.7851829282524;0.0;1.0;70.49456381627796;0.04550442539778723
jan-900058;0.0;0.0;0.0;0.0;0.0;0.0;0.0;0.0;0.0;0.0;0.0;0.0;0.0;0.0;0.0
jan-900059;0.0;0.0;0.0;0.0;0.0;0.0;11.0;49.55449979664985;993.0925415341532;32.0;12132.427643541254;0.0;7.0;348.2460376193149;0.03599850890865545
jan-900060;0.0;0.0;0.0;0.0;0.0;0.0;12.0;46.41841262133469;786.4822836730673;22.0;10618.206750071255;0.0;3.0;364.91496397922623;0.0783562364547012
jan-900061;0.0;0.0;0.0;0.0;0.0;0.0;2.0;2.2741110924078987;38.407312418020005;1.0;80.7101942107231;0.0;0.0;0.0;0.0
jan-900062;0.0;0.0;0.0;0.0;0.0;0.0;13.0;59.64709616264884;692.3975582685316;11.0;4952.764196306341;0.0;1.0;191.09720260054488;0.12305968310222004
jan-900063;0.0;0.0;0.0;0.0;0.0;0.0;0.0;0.0;0.0;0.0;0.0;0.0;0.0;0.0;0.0
jan-900064;0.0;0.0;0.0;0.0;0.0;0.0;0.0;0.0;0.0;0.0;0.0;0.0;1.0;37.2904710634559;0.028009035965575666
jan-900065;0.0;0.0;0.0;0.0;0.0;0.0;0.0;0.0;0.0;0.0;0.0;0.0;4.0;225.35513456325805;0.045946057290269196
jan-900066;0.0;0.0;0.0;0.0;0.0;0.0;3.0;17.818718610129913;240.4496221346821;2.0;1120.0183432569056;0.0;1.0;169.23964657775122;0.11196693307615488
jan-900067;0.0;0.0;0.0;0.0;0.0;0.0;0.0;0.0;0.0;0.0;0.0;0.0;0.0;0.0;0.0
jan-900068;0.0;0.0;0.0;1.0;0.0;0.0;0.0;0.0;0.0;2.0;858.5197120658762;0.0;6.0;341.42479880534165;0.033254868354735914
jan-900069;0.0;0.0;0.0;0.0;0.0;0.0;7.0;14.285849518127703;249.91712497669712;4.0;1872.5890878816074;0.0;0.0;0.0;0.0
jan-900070;0.0;0.0;0.0;0.0;0.0;0.0;0.0;0.0;0.0;5.0;57.082038028107284;0.0;0.0;0.0;0.0
jan-900071;0.0;0.0;0.0;0.0;0.0;0.0;3.0;6.857793302182631;146.31946827011333;2.0;801.1355529516654;0.0;3.0;358.50574585168465;0.09575909755194276
jan-900072;0.0;0.0;0.0;0.0;0.0;0.0;0.0;0.0;0.0;0.0;0.0;0.0;0.0;0.0;0.0
jan-900073;0.0;0.0;0.0;0.0;0.0;0.0;0.0;0.0;0.0;1.0;352.8757360566822;0.0;2.0;112.78834565630136;0.0658970427326735
jan-900074;0.0;0.0;0.0;0.0;0.0;0.0;8.0;13.74687653698821;172.45472160687063;1.0;499.7395753428753;0.0;1.0;62.648768335055905;0.04294227512133456
jan-900075;0.0;0.0;0.0;0.0;0.0;0.0;0.0;0.0;0.0;0.0;0.0;0.0;0.0;0.0;0.0
jan-900076;0.0;0.0;0.0;0.0;0.0;0.0;16.0;83.4211690786729;817.6026033196333;17.0;3166.2267088535536;0.0;3.0;363.03074645273205;0.06407672690312526
jan-900077;0.0;0.0;0.0;0.0;0.0;0.0;0.0;0.0;0.0;0.0;0.0;0.0;0.0;0.0;0.0
jan-900078;0.0;0.0;0.0;0.0;0.0;0.0;0.0;0.0;0.0;0.0;0.0;0.0;1.0;38.23839614557575;0.0337853747296052
jan-900079;0.0;0.0;0.0;0.0;0.0;0.0;0.0;0.0;0.0;3.0;18.99928805405718;0.0;3.0;401.0174544183356;0.11532429871600774
jan-900080;0.0;0.0;0.0;0.0;0.0;0.0;20.0;118.14741197723913;2199.826267772931;9.0;3481.007587387136;0.0;3.0;205.3504733944379;0.03540337811741186
jan-900081;0.0;0.0;0.0;0.0;0.0;0.0;22.0;128.68584480020726;2955.8365009240697;127.0;9090.572530788413;0.0;9.0;1287.2801242246867;0.09245345844858185
jan-900082;0.0;0.0;0.0;0.0;0.0;0.0;1.0;0.07630090455765284;1.737528502363929;0.0;0.0;0.0;11.0;870.9068544813183;0.03512080452147332
jan-900083;0.0;0.0;0.0;1.0;1.0;2.079549426437145;11.0;24.83066767549428;311.5904473928144;1.0;563.9633062425156;0.0;6.0;877.8445631072058;0.08701055195897096
jan-900084;0.0;0.0;0.0;0.0;0.0;0.0;19.0;37.48902143666903;398.5798702312825;5.0;1693.6139759217324;0.0;2.0;74.38304067048699;0.021579160707363536
jan-900085;0.0;0.0;0.0;0.0;0.0;0.0;3.0;9.853122627915711;151.40909331939244;1.0;422.7838253589941;0.0;0.0;0.0;0.0
jan-900086;0.0;0.0;0.0;0.0;0.0;0.0;0.0;0.0;0.0;5.0;2134.8591072905915;0.0;1.0;97.0309011034295;0.049542378705742955
jan-900087;0.0;0.0;0.0;0.0;0.0;0.0;24.0;184.23540687282204;5237.206645527981;239.0;10782.282078020417;0.0;7.0;825.1975285937888;0.050586145978403226
jan-900088;0.0;0.0;0.0;0.0;0.0;0.0;2.0;0.03373617404307959;0.37661373367391515;0.0;0.0;0.0;0.0;0.0;0.0
jan-900089;0.0;0.0;0.0;0.0;0.0;0.0;5.0;9.498295859414192;142.50902788179914;4.0;1307.8866076327383;0.0;0.0;0.0;0.0
jan-900090;0.0;0.0;0.0;0.0;0.0;0.0;0.0;0.0;0.0;3.0;1366.7637747437436;0.0;8.0;685.9804453384663;0.05062944577305597
jan-900091;0.0;0.0;0.0;0.0;0.0;0.0;10.0;34.314722785171206;562.9946335009502;15.0;333.35925437738786;0.0;3.0;296.6354924972399;0.06747677350074774
jan-900092;0.0;0.0;0.0;0.0;0.0;0.0;0.0;0.0;0.0;0.0;0.0;0.0;0.0;0.0;0.0
jan-900093;0.0;0.0;0.0;0.0;0.0;0.0;0.0;0.0;0.0;0.0;0.0;0.0;0.0;0.0;0.0
jan-900094;0.0;0.0;0.0;0.0;0.0;0.0;0.0;0.0;0.0;0.0;0.0;0.0;4.0;343.4574349221486;0.066312621492773
jan-900095;0.0;0.0;0.0;0.0;0.0;0.0;0.0;0.0;0.0;0.0;0.0;0.0;0.0;0.0;0.0
jan-900096;0.0;0.0;0.0;0.0;0.0;0.0;8.0;49.90924049216109;663.6432348925294;8.0;3332.1257651011524;0.0;2.0;236.842002166697;0.06658875843309212
jan-900097;0.0;0.0;0.0;0.0;0.0;0.0;0.0;0.0;0.0;0.0;0.0;0.0;2.0;180.84866662786231;0.05823392465420849
jan-900098;0.0;0.0;0.0;0.0;0.0;0.0;26.0;243.18835773770547;2763.8423626557906;95.0;9547.37590696645;0.0;3.0;196.9089509507704;0.05819139066165179
jan-900099;0.0;0.0;0.0;0.0;0.0;0.0;4.0;6.221634835014644;131.41698387421664;2.0;691.6546343467694;0.0;2.0;311.1908382174908;0.09440754672090435
jan-900100;0.0;0.0;0.0;1.0;0.0;0.0;0.0;0.0;0.0;0.0;0.0;0.0;3.0;105.01619231305996;0.033811804028141254
jan-900101;0.0;0.0;0.0;0.0;0.0;0.0;0.0;0.0;0.0;0.0;0.0;0.0;1.0;107.99697203625439;0.09265131216225199
jan-900102;0.0;0.0;0.0;0.0;0.0;0.0;0.0;0.0;0.0;3.0;642.5652381973679;0.0;1.0;73.04156032378137;0.03910950111700698
jan-900103;0.0;0.0;0.0;0.0;0.0;0.0;64.0;175.81923346689274;2641.9017470508124;51.0;19291.616244898272;0.0;9.0;923.7085444181772;0.05105843723886033
jan-900104;0.0;0.0;0.0;0.0;0.0;0.0;2.0;39.5273339561741;383.2445134917659;47.0;5006.360101547994;0.0;6.0;435.3086897908535;0.06042410854260177
jan-900105;0.0;0.0;0.0;1.0;0.0;0.0;16.0;80.11390598430906;1173.1211765534954;6.0;2949.0821255420174;0.0;2.0;276.33821970201024;0.08507035693352684
jan-900106;0.0;0.0;0.0;0.0;0.0;0.0;20.0;29.525852372270162;470.6765914887065;4.0;1359.419078635974;0.0;4.0;320.3317334841551;0.07203950132879798
jan-900107;0.0;0.0;0.0;0.0;0.0;0.0;0.0;0.0;0.0;48.0;2680.795517673035;0.0;0.0;0.0;0.0
jan-900108;0.0;0.0;0.0;0.0;0.0;0.0;0.0;0.0;0.0;7.0;1434.0896938376031;0.0;4.0;109.50012960864655;0.02565364513536094
jan-900109;0.0;0.0;0.0;1.0;0.0;0.0;0.0;0.0;0.0;6.0;3216.6905329501387;0.0;4.0;169.31338468713176;0.03519096886310231
jan-900110;0.0;0.0;0.0;0.0;0.0;0.0;0.0;0.0;0.0;0.0;0.0;0.0;1.0;-94.68725094890529;-0.8520108427547649
jan-900111;0.0;0.0;0.0;0.0;0.0;0.0;0.0;0.0;0.0;0.0;0.0;0.0;0.0;0.0;0.0
jan-900112;0.0;0.0;0.0;0.0;0.0;0.0;24.0;109.41201761062703;1417.3814738073022;7.0;3088.9224838868863;0.0;3.0;215.42750572930626;0.05587278507702624
jan-900113;0.0;0.0;0.0;0.0;0.0;0.0;0.0;0.0;0.0;0.0;0.0;0.0;1.0;34.47626674435839;0.031588392305290876
jan-900114;0.0;0.0;0.0;0.0;0.0;0.0;0.0;0.0;0.0;1.0;471.8157311936205;0.0;2.0;127.7249775398253;0.055604065212936586
jan-900115;0.0;0.0;0.0;0.0;0.0;0.0;0.0;0.0;0.0;0.0;0.0;0.0;2.0;234.66657166727882;0.11022185091218048
jan-900116;0.0;0.0;0.0;0.0;0.0;0.0;0.0;0.0;0.0;0.0;0.0;0.0;1.0;76.25471399104946;0.11770378109245232
jan-900117;0.0;0.0;0.0;0.0;0.0;0.0;15.0;22.695013843020664;323.6145574891685;6.0;2915.123528169429;0.0;7.0;411.93042721431004;0.04939705868045103
jan-900118;0.0;0.0;0.0;0.0;0.0;0.0;0.0;0.0;0.0;0.0;0.0;0.0;1.0;56.926960475880115;0.09850690170183787
jan-900119;0.0;0.0;0.0;0.0;0.0;0.0;0.0;0.0;0.0;0.0;0.0;0.0;0.0;0.0;0.0
jan-900120;0.0;0.0;0.0;0.0;0.0;0.0;0.0;0.0;0.0;1.0;14.017012980448907;0.0;4.0;426.07929272376174;0.09625937857184665
jan-900121;0.0;0.0;0.0;0.0;0.0;0.0;0.0;0.0;0.0;9.0;698.4152642938113;0.0;4.0;415.6620838619527;0.054217015755763695
jan-900122;0.0;0.0;0.0;0.0;0.0;0.0;8.0;14.071521026498365;170.11309479912194;10.0;2099.0490674662274;0.0;0.0;0.0;0.0
jan-900123;0.0;0.0;0.0;0.0;0.0;0.0;20.0;65.80686886541;1003.5014571774973;11.0;5562.584441044087;0.0;5.0;559.1865858399646;0.07065468599717407
jan-900124;0.0;0.0;0.0;0.0;0.0;0.0;0.0;0.0;0.0;0.0;0.0;0.0;0.0;0.0;0.0
jan-900125;0.0;0.0;0.0;1.0;0.0;0.0;48.0;85.18653353199807;1246.2225675908007;20.0;7482.373271527098;0.0;13.0;835.5372949474944;0.05481794505019905
jan-900126;0.0;0.0;0.0;0.0;0.0;0.0;0.0;0.0;0.0;0.0;0.0;0.0;7.0;652.9119482666707;0.06644724981186316
jan-900127;0.0;0.0;0.0;0.0;0.0;0.0;0.0;0.0;0.0;0.0;0.0;0.0;0.0;0.0;0.0
jan-900128;0.0;0.0;0.0;0.0;0.0;0.0;17.0;78.21995299394882;1876.7020701508368;5.0;477.9054666164024;0.0;4.0;502.74928965431536;0.06180497969631429
jan-900129;0.0;0.0;0.0;0.0;0.0;0.0;0.0;0.0;0.0;1.0;21.080784892415238;0.0;10.0;421.3342626482625;0.05067948084716801
jan-900130;0.0;0.0;0.0;0.0;0.0;0.0;0.0;0.0;0.0;0.0;0.0;0.0;0.0;0.0;0.0
jan-900131;0.0;0.0;0.0;0.0;0.0;0.0;2.0;2.0695974714443186;26.743803350858737;4.0;172.26270542333955;0.0;2.0;41.033679254952645;0.013882596247481048
jan-900132;0.0;0.0;0.0;0.0;0.0;0.0;0.0;0.0;0.0;85.0;34095.91839084119;0.0;2.0;100.73677185129948;0.040197689614204925
jan-900133;0.0;0.0;0.0;0.0;0.0;0.0;0.0;0.0;0.0;0.0;0.0;0.0;0.0;0.0;0.0
jan-900134;0.0;0.0;0.0;1.0;0.0;0.0;28.0;42.40860743685105;786.1375944918569;40.0;10302.147039217209;0.0;6.0;509.37020424916847;0.054209503328547785
jan-900135;0.0;0.0;0.0;0.0;0.0;0.0;18.0;469.2362045224519;6957.618214376292;183.0;16158.074838958251;0.0;8.0;1090.1005539823773;0.115651701557536
jan-900136;0.0;0.0;0.0;0.0;0.0;0.0;0.0;0.0;0.0;0.0;0.0;0.0;0.0;0.0;0.0
jan-900137;0.0;0.0;0.0;0.0;0.0;0.0;0.0;0.0;0.0;0.0;0.0;0.0;0.0;0.0;0.0
jan-900138;0.0;0.0;0.0;0.0;0.0;0.0;0.0;0.0;0.0;0.0;0.0;0.0;0.0;0.0;0.0
jan-900139;0.0;0.0;0.0;0.0;0.0;0.0;9.0;104.6961421068794;2169.5581661511974;4.0;234.43756711278718;0.0;0.0;0.0;0.0
jan-900140;0.0;0.0;0.0;0.0;0.0;0.0;0.0;0.0;0.0;0.0;0.0;0.0;0.0;0.0;0.0
jan-900141;0.0;0.0;0.0;0.0;0.0;0.0;14.0;18.091250248522954;212.98489296554;1.0;439.1285185829713;0.0;1.0;58.13877229907947;0.04227592149252055
jan-900142;0.0;0.0;0.0;0.0;0.0;0.0;2.0;0.18394446113251714;1.7538158092946203;0.0;0.0;0.0;0.0;0.0;0.0
jan-900143;0.0;0.0;0.0;0.0;0.0;0.0;0.0;0.0;0.0;0.0;0.0;0.0;0.0;0.0;0.0
jan-900144;0.0;0.0;0.0;0.0;0.0;0.0;2.0;6.601079958670234;119.61173797858585;0.0;0.0;0.0;0.0;0.0;0.0
jan-900145;0.0;0.0;0.0;0.0;0.0;0.0;0.0;0.0;0.0;0.0;0.0;0.0;4.0;117.2775979312679;0.02858987433513695
jan-900146;0.0;0.0;0.0;0.0;0.0;0.0;11.0;44.73258845551933;498.2697677296997;0.0;0.0;0.0;0.0;0.0;0.0
jan-900147;0.0;0.0;0.0;0.0;0.0;0.0;26.0;214.42239082401542;4196.189497097989;35.0;23025.91498125957;0.0;5.0;284.1484800399942;0.04283682474666616
jan-900148;0.0;0.0;0.0;0.0;0.0;0.0;0.0;0.0;0.0;7.0;390.55931149764984;0.0;5.0;617.345945841436;0.08338477755053211
jan-900149;0.0;0.0;0.0;0.0;0.0;0.0;59.0;164.58856879197484;2536.9819890360845;95.0;30822.444901406558;0.0;9.0;637.8798541663467;0.04443707905339177
jan-900150;0.0;0.0;0.0;0.0;0.0;0.0;2.0;17.66090150854206;168.73458858701318;2.0;247.9273003798605;0.0;0.0;0.0;0.0
jan-900151;0.0;0.0;0.0;1.0;0.0;0.0;0.0;0.0;0.0;9.0;4655.482136722392;0.0;2.0;67.90638462390731;0.02584022621220858
jan-900152;0.0;0.0;0.0;0.0;0.0;0.0;0.0;0.0;0.0;0.0;0.0;0.0;4.0;384.64601239650426;0.09131987821444724
jan-900153;0.0;0.0;0.0;0.0;0.0;0.0;0.0;0.0;0.0;0.0;0.0;0.0;1.0;20.524876479536974;0.01850805150061843
jan-900154;0.0;0.0;0.0;0.0;0.0;0.0;82.0;296.56289041006005;5000.306924186037;50.0;23227.832270238443;0.0;9.0;835.8879976232076;0.062112987959632805
jan-900155;0.0;0.0;0.0;0.0;0.0;0.0;0.0;0.0;0.0;0.0;0.0;0.0;0.0;0.0;0.0
jan-900156;0.0;0.0;0.0;0.0;0.0;0.0;0.0;0.0;0.0;0.0;0.0;0.0;0.0;0.0;0.0
jan-900157;0.0;0.0;0.0;0.0;0.0;0.0;8.0;46.282905244742636;774.8871997374613;94.0;19383.81226079952;0.0;4.0;372.9027219697281;0.06925642692788309
jan-900158;0.0;0.0;0.0;0.0;0.0;0.0;0.0;0.0;0.0;0.0;0.0;0.0;0.0;0.0;0.0
jan-900159;0.0;0.0;0.0;0.0;0.0;0.0;0.0;0.0;0.0;0.0;0.0;0.0;0.0;0.0;0.0
jan-900160;0.0;0.0;0.0;0.0;0.0;0.0;0.0;0.0;0.0;3.0;1562.1541482903167;0.0;3.0;157.5817722736875;0.04891299369255483
jan-900161;0.0;0.0;0.0;0.0;0.0;0.0;0.0;0.0;0.0;0.0;0.0;0.0;0.0;0.0;0.0
jan-900162;0.0;0.0;0.0;0.0;0.0;0.0;0.0;0.0;0.0;92.0;17475.039041519867;0.0;7.0;446.0545815536308;0.05821641080853979
jan-900163;0.0;0.0;0.0;0.0;0.0;0.0;10.0;19.94747598380247;508.6952917824243;7.0;2378.546559303334;0.0;3.0;337.83277604534476;0.0845131231215801
jan-900164;0.0;0.0;0.0;0.0;0.0;0.0;2.0;9.255287435380634;135.9042144539713;1.0;482.929764696554;0.0;1.0;35.63383662818879;0.03266059174419973
jan-900165;0.0;0.0;0.0;0.0;0.0;0.0;0.0;0.0;0.0;0.0;0.0;0.0;0.0;0.0;0.0
jan-900166;0.0;0.0;0.0;0.0;0.0;0.0;0.0;0.0;0.0;0.0;0.0;0.0;0.0;0.0;0.0
jan-900167;0.0;0.0;0.0;1.0;0.0;0.0;53.0;384.46311104803846;6109.012310805188;74.0;38303.17386283843;0.0;10.0;834.1162578868455;0.05805696658387483
jan-900168;0.0;0.0;0.0;0.0;0.0;0.0;0.0;0.0;0.0;1.0;138.6578908691376;0.0;2.0;73.58101318853882;0.03844854958919288
jan-900169;0.0;0.0;0.0;0.0;0.0;0.0;0.0;0.0;0.0;0.0;0.0;0.0;0.0;0.0;0.0
jan-900170;0.0;0.0;0.0;0.0;0.0;0.0;0.0;0.0;0.0;0.0;0.0;0.0;1.0;78.09412698474789;0.06972237775490679
jan-900171;0.0;0.0;0.0;0.0;0.0;0.0;15.0;57.77027987809709;562.1696157320415;4.0;2119.3307175908026;0.0;3.0;363.25347803072077;0.08627885701537279
jan-900172;0.0;0.0;0.0;0.0;0.0;0.0;0.0;0.0;0.0;0.0;0.0;0.0;0.0;0.0;0.0
jan-900173;0.0;0.0;0.0;0.0;0.0;0.0;0.0;0.0;0.0;0.0;0.0;0.0;0.0;0.0;0.0
jan-900174;0.0;0.0;0.0;0.0;0.0;0.0;10.0;14.219776915041162;290.80059803660305;3.0;922.1911697632207;0.0;3.0;396.65530205425586;0.07349231548117989
jan-900175;0.0;0.0;0.0;0.0;0.0;0.0;0.0;0.0;0.0;0.0;0.0;0.0;4.0;699.5845011877941;0.0827306461224718
jan-900176;0.0;0.0;0.0;0.0;0.0;0.0;0.0;0.0;0.0;0.0;0.0;0.0;1.0;118.94909613575275;0.08444411105117224
jan-900177;0.0;0.0;0.0;0.0;0.0;0.0;0.0;0.0;0.0;10.0;1529.883465583875;0.0;3.0;119.64900383451356;0.029040918557758026
jan-900178;0.0;0.0;0.0;0.0;0.0;0.0;0.0;0.0;0.0;0.0;0.0;0.0;0.0;0.0;0.0
jan-900179;0.0;0.0;0.0;0.0;0.0;0.0;0.0;0.0;0.0;0.0;0.0;0.0;8.0;550.8296534243447;0.06817124733252532
jan-900180;0.0;0.0;0.0;0.0;0.0;0.0;0.0;0.0;0.0;10.0;4324.038622286562;0.0;2.0;77.06321188986868;0.03334248307112812
jan-900181;0.0;0.0;0.0;0.0;0.0;0.0;0.0;0.0;0.0;1.0;10.213766356982637;0.0;2.0;110.59312315125568;0.06271373142857346
jan-900182;0.0;0.0;0.0;0.0;0.0;0.0;2.0;6.331518618287639;60.61295962257144;0.0;0.0;0.0;1.0;26.381087888670276;0.019044955905543923
jan-900183;0.0;0.0;0.0;0.0;0.0;0.0;51.0;272.4385022903137;4286.486483789178;79.0;19813.716275081722;0.0;6.0;799.0682903044398;0.07626171411636398
jan-900184;0.0;0.0;0.0;0.0;0.0;0.0;0.0;0.0;0.0;1.0;10.760344984653821;0.0;1.0;77.3956016237278;0.031599635958361974
jan-900185;0.0;0.0;0.0;0.0;0.0;0.0;0.0;0.0;0.0;0.0;0.0;0.0;0.0;0.0;0.0
jan-900186;0.0;0.0;0.0;1.0;0.0;0.0;0.0;0.0;0.0;7.0;3005.2330672195208;0.0;1.0;29.116915428652998;0.026349480677531487
jan-900187;0.0;0.0;0.0;0.0;0.0;0.0;0.0;0.0;0.0;0.0;0.0;0.0;0.0;0.0;0.0
jan-900188;0.0;0.0;0.0;0.0;0.0;0.0;0.0;0.0;0.0;0.0;0.0;0.0;1.0;91.55464449298702;0.07949969058437617
jan-900189;0.0;0.0;0.0;0.0;0.0;0.0;36.0;69.94847075448646;1160.4037151125838;14.0;1774.1768521764297;0.0;5.0;547.3239116362822;0.06833368404208522
jan-900190;0.0;0.0;0.0;0.0;0.0;0.0;3.0;0.24804226941855295;4.467984477095372;2.0;13.05132895366894;0.0;2.0;163.65343072240728;0.04564259436902895
jan-900191;0.0;0.0;0.0;0.0;0.0;0.0;0.0;0.0;0.0;0.0;0.0;0.0;1.0;57.28787881740097;0.06784822162987886
jan-900192;0.0;0.0;0.0;1.0;0.0;0.0;20.0;60.281434790392545;1041.1272768417143;15.0;9092.55697143602;0.0;3.0;490.6657041026664;0.08012112766057568
jan-900193;0.0;0.0;0.0;0.0;0.0;0.0;0.0;0.0;0.0;0.0;0.0;0.0;0.0;0.0;0.0
jan-900194;0.0;0.0;0.0;0.0;0.0;0.0;3.0;3.12919667162347;37.58334684754273;3.0;1406.0684525423785;0.0;0.0;0.0;0.0
jan-900195;0.0;0.0;0.0;0.0;0.0;0.0;0.0;0.0;0.0;0.0;0.0;0.0;0.0;0.0;0.0
jan-900196;0.0;0.0;0.0;0.0;0.0;0.0;0.0;0.0;0.0;4.0;2309.4189115842096;0.0;1.0;42.75110960824896;0.036206272446921005
jan-900197;0.0;0.0;0.0;0.0;0.0;0.0;0.0;0.0;0.0;0.0;0.0;0.0;0.0;0.0;0.0
jan-900198;0.0;0.0;0.0;0.0;0.0;0.0;0.0;0.0;0.0;0.0;0.0;0.0;2.0;110.77733903691811;0.03850981228623446
jan-900199;0.0;0.0;0.0;0.0;0.0;0.0;0.0;0.0;0.0;0.0;0.0;0.0;1.0;21.064110828455544;0.01711140917511709
jan-900200;0.0;0.0;0.0;0.0;0.0;0.0;17.0;312.38659515652415;3794.8937584630394;386.0;24294.92188431712;0.0;4.0;314.39536033123886;0.04880364395203665
jan-900201;0.0;0.0;0.0;1.0;0.0;0.0;4.0;10.547162537983468;111.44763837441394;1.0;220.22739530152006;0.0;5.0;494.32501119439655;0.08066981999775394
jan-900202;0.0;0.0;0.0;0.0;0.0;0.0;58.0;338.096152172399;3633.3600818954606;32.0;14112.635504438811;0.0;8.0;296.76452561152377;0.04211824084344219
jan-900203;0.0;0.0;0.0;0.0;0.0;0.0;6.0;28.723588421665525;354.1544412751583;2.0;744.6033617535725;0.0;0.0;0.0;0.0
jan-900204;0.0;0.0;0.0;0.0;0.0;0.0;0.0;0.0;0.0;1.0;400.52017340086627;0.0;0.0;0.0;0.0
jan-900205;0.0;0.0;0.0;0.0;0.0;0.0;0.0;0.0;0.0;0.0;0.0;0.0;0.0;0.0;0.0
jan-900206;0.0;0.0;0.0;0.0;0.0;0.0;31.0;195.65908414267332;1958.1557926341357;34.0;18610.031658501797;0.0;7.0;419.6643846711891;0.051030688918744745
jan-900207;0.0;0.0;0.0;0.0;0.0;0.0;6.0;26.568963063158616;515.1575655264286;8.0;2670.172100369493;0.0;0.0;0.0;0.0
jan-900208;0.0;0.0;0.0;0.0;0.0;0.0;0.0;0.0;0.0;0.0;0.0;0.0;0.0;0.0;0.0
jan-900209;0.0;0.0;0.0;0.0;0.0;0.0;0.0;0.0;0.0;0.0;0.0;0.0;0.0;0.0;0.0
jan-900210;0.0;0.0;0.0;0.0;0.0;0.0;0.0;0.0;0.0;1.0;438.6221691075293;0.0;0.0;0.0;0.0
jan-900211;0.0;0.0;0.0;0.0;0.0;0.0;0.0;0.0;0.0;0.0;0.0;0.0;1.0;88.84507263145086;0.03980299731440381
jan-900212;0.0;0.0;0.0;0.0;0.0;0.0;0.0;0.0;0.0;0.0;0.0;0.0;0.0;0.0;0.0
jan-900213;0.0;0.0;0.0;1.0;0.0;0.0;0.0;0.0;0.0;3.0;11.366614559721532;0.0;9.0;322.37312082478707;0.039759972691177065
jan-900214;0.0;0.0;0.0;0.0;0.0;0.0;0.0;0.0;0.0;4.0;1624.8294080228482;0.0;0.0;0.0;0.0
jan-900215;0.0;0.0;0.0;0.0;0.0;0.0;4.0;17.33519375047411;329.9592430051741;6.0;2762.101827429651;0.0;2.0;76.49319076176575;0.024378765084604882
jan-900216;0.0;0.0;0.0;0.0;0.0;0.0;0.0;0.0;0.0;0.0;0.0;0.0;0.0;0.0;0.0
jan-900217;0.0;0.0;0.0;0.0;0.0;0.0;0.0;0.0;0.0;0.0;0.0;0.0;0.0;0.0;0.0
jan-900218;0.0;0.0;0.0;0.0;0.0;0.0;6.0;11.828159282433006;126.78537462052857;3.0;130.6728670799845;0.0;1.0;26.49969327071537;0.02787731732824356
jan-900219;0.0;0.0;0.0;0.0;0.0;0.0;0.0;0.0;0.0;5.0;1895.855478521195;0.0;3.0;189.88969445201923;0.054373463342323625
jan-900220;0.0;0.0;0.0;0.0;0.0;0.0;9.0;29.79328887603687;406.48821759196295;1.0;523.7217883844905;0.0;1.0;139.7399829776941;0.09985352392083298
jan-900221;0.0;0.0;0.0;0.0;0.0;0.0;15.0;96.47764079737307;1659.9981262462588;4.0;1658.366431008078;0.0;8.0;1110.5256265824337;0.0680609249883205
jan-900222;0.0;0.0;0.0;0.0;0.0;0.0;0.0;0.0;0.0;0.0;0.0;0.0;0.0;0.0;0.0
jan-900223;0.0;0.0;0.0;0.0;0.0;0.0;0.0;0.0;0.0;0.0;0.0;0.0;0.0;0.0;0.0
jan-900224;0.0;0.0;0.0;0.0;0.0;0.0;10.0;31.8176881701647;560.1422293526666;21.0;10479.38317797624;0.0;3.0;178.1219964056381;0.04434174949428811
jan-900225;0.0;0.0;0.0;0.0;0.0;0.0;8.0;8.435251585708283;48.2651067132565;0.0;0.0;0.0;1.0;66.75771257039325;0.057979923746244284
jan-900226;0.0;0.0;0.0;0.0;0.0;0.0;18.0;80.10833640622533;1030.8640703860815;19.0;6804.599596665336;0.0;2.0;190.9612676173717;0.06051589698765629
jan-900227;0.0;0.0;0.0;0.0;0.0;0.0;0.0;0.0;0.0;1.0;248.97025127716654;0.0;3.0;140.65894703160188;0.03840202502552655
jan-900228;0.0;0.0;0.0;0.0;0.0;0.0;2.0;2.581488361086197;25.432657027591006;0.0;0.0;0.0;3.0;130.22995380993174;0.04285679579637202
jan-900229;0.0;0.0;0.0;0.0;0.0;0.0;0.0;0.0;0.0;9.0;4859.935736674212;0.0;1.0;117.66252473753379;0.09634846193217862
jan-900230;0.0;0.0;0.0;0.0;0.0;0.0;0.0;0.0;0.0;0.0;0.0;0.0;0.0;0.0;0.0
jan-900231;0.0;0.0;0.0;0.0;0.0;0.0;0.0;0.0;0.0;0.0;0.0;0.0;0.0;0.0;0.0
jan-900232;0.0;0.0;0.0;0.0;0.0;0.0;11.0;31.643546010057452;502.20918076078163;6.0;2212.5409420014403;0.0;2.0;387.86591400310897;0.1140107504884435
jan-900233;0.0;0.0;0.0;0.0;0.0;0.0;0.0;0.0;0.0;0.0;0.0;0.0;10.0;599.0238495582112;0.046750340472358445
jan-900234;0.0;0.0;0.0;0.0;0.0;0.0;0.0;0.0;0.0;0.0;0.0;0.0;0.0;0.0;0.0
jan-900235;0.0;0.0;0.0;0.0;0.0;0.0;0.0;0.0;0.0;0.0;0.0;0.0;15.0;1115.3668668026528;0.0665446607552892
jan-900236;0.0;0.0;0.0;0.0;0.0;0.0;0.0;0.0;0.0;16.0;8425.603753608337;0.0;1.0;115.19519013192615;0.07535732104649075
jan-900237;0.0;0.0;0.0;0.0;0.0;0.0;0.0;0.0;0.0;0.0;0.0;0.0;1.0;76.11850849036638;0.08006814289122342
jan-900238;0.0;0.0;0.0;0.0;0.0;0.0;15.0;82.25559651113541;1402.6133496586938;23.0;8645.195110442568;0.0;3.0;589.0717924659963;0.1468393457311548
jan-900239;0.0;0.0;0.0;0.0;0.0;0.0;0.0;0.0;0.0;0.0;0.0;0.0;0.0;0.0;0.0
jan-900240;0.0;0.0;0.0;0.0;0.0;0.0;7.0;13.867792597594987;140.39979368779117;0.0;0.0;0.0;3.0;106.89456883170241;0.035847500387162556
jan-900241;0.0;0.0;0.0;0.0;0.0;0.0;0.0;0.0;0.0;0.0;0.0;0.0;0.0;0.0;0.0
jan-900242;0.0;0.0;0.0;0.0;0.0;0.0;3.0;6.882809937495423;87.93675548633767;1.0;301.1851931444927;0.0;0.0;0.0;0.0
jan-900243;0.0;0.0;0.0;0.0;0.0;0.0;0.0;0.0;0.0;0.0;0.0;0.0;0.0;0.0;0.0
jan-900244;0.0;0.0;0.0;0.0;0.0;0.0;0.0;0.0;0.0;0.0;0.0;0.0;1.0;53.90240111457613;0.045737269118676385
jan-900245;0.0;0.0;0.0;0.0;0.0;0.0;0.0;0.0;0.0;0.0;0.0;0.0;0.0;0.0;0.0
jan-900246;0.0;0.0;0.0;0.0;0.0;0.0;0.0;0.0;0.0;0.0;0.0;0.0;10.0;852.7765381589065;0.08798827183120275
jan-900247;0.0;0.0;0.0;0.0;0.0;0.0;0.0;0.0;0.0;2.0;481.83017498471554;0.0;1.0;10.036252398975705;0.009799102475025473
jan-900248;0.0;0.0;0.0;0.0;0.0;0.0;2.0;1.11471426460338;13.036750356572085;105.0;5704.429434408297;0.0;2.0;170.28812169869775;0.08353213297014779
jan-900249;0.0;0.0;0.0;1.0;1.0;113.16965960634323;0.0;0.0;0.0;27.0;9561.393209236212;0.0;8.0;459.7441861107213;0.049162361756401256
jan-900250;0.0;0.0;0.0;0.0;0.0;0.0;0.0;0.0;0.0;5.0;692.2699895374227;0.0;5.0;356.0793325819489;0.044758671369471446
jan-900251;0.0;0.0;0.0;0.0;0.0;0.0;0.0;0.0;0.0;0.0;0.0;0.0;0.0;0.0;0.0
jan-900252;0.0;0.0;0.0;0.0;0.0;0.0;19.0;84.26235408718371;1115.8136541832314;13.0;6095.475519126993;0.0;5.0;364.30709114549893;0.05152585180187555
jan-900253;0.0;0.0;0.0;0.0;0.0;0.0;0.0;0.0;0.0;1.0;425.3904873505623;0.0;1.0;96.84147998468148;0.07240196393409316
jan-900254;0.0;0.0;0.0;0.0;0.0;0.0;0.0;0.0;0.0;31.0;5816.935281770778;0.0;1.0;171.07112244163042;0.07734896521510146
jan-900255;0.0;0.0;0.0;0.0;0.0;0.0;11.0;36.84794792166476;1140.692436440298;14.0;4310.691700953672;0.0;3.0;763.0614782616476;0.09998705175290538
jan-900256;0.0;0.0;0.0;0.0;0.0;0.0;0.0;0.0;0.0;0.0;0.0;0.0;0.0;0.0;0.0
jan-900257;0.0;0.0;0.0;0.0;0.0;0.0;0.0;0.0;0.0;0.0;0.0;0.0;3.0;84.8990198841259;0.026074728169242212
jan-900258;0.0;0.0;0.0;0.0;0.0;0.0;0.0;0.0;0.0;0.0;0.0;0.0;0.0;0.0;0.0
jan-900259;0.0;0.0;0.0;0.0;0.0;0.0;0.0;0.0;0.0;0.0;0.0;0.0;0.0;0.0;0.0
jan-900260;0.0;0.0;0.0;0.0;0.0;0.0;24.0;139.9183149076727;2277.588745692975;66.0;19349.56211772478;0.0;5.0;663.8673726802361;0.0788931114621504
jan-900261;0.0;0.0;0.0;0.0;0.0;0.0;0.0;0.0;0.0;0.0;0.0;0.0;0.0;0.0;0.0
jan-900262;0.0;0.0;0.0;0.0;0.0;0.0;0.0;0.0;0.0;0.0;0.0;0.0;0.0;0.0;0.0
jan-900263;0.0;0.0;0.0;0.0;0.0;0.0;0.0;0.0;0.0;0.0;0.0;0.0;1.0;230.06018733668884;0.11937210238692102
jan-900264;0.0;0.0;0.0;0.0;0.0;0.0;2.0;0.09018316191234728;0.8776490524290226;0.0;0.0;0.0;0.0;0.0;0.0
jan-900265;0.0;0.0;0.0;1.0;0.0;0.0;0.0;0.0;0.0;130.0;6924.802211367811;0.0;6.0;445.11371467875927;0.06228965734446347
jan-900266;0.0;0.0;0.0;0.0;0.0;0.0;0.0;0.0;0.0;0.0;0.0;0.0;2.0;63.02858737872899;0.030899665168032022
jan-900267;0.0;0.0;0.0;0.0;0.0;0.0;0.0;0.0;0.0;0.0;0.0;0.0;0.0;0.0;0.0
jan-900268;0.0;0.0;0.0;0.0;0.0;0.0;0.0;0.0;0.0;0.0;0.0;0.0;1.0;79.53384080135055;0.08160430306443313
jan-900269;0.0;0.0;0.0;0.0;0.0;0.0;17.0;104.01701336013068;1259.213654604312;19.0;3817.7916244692733;0.0;2.0;104.46837481952063;0.0403159384583843
jan-900270;0.0;0.0;0.0;0.0;0.0;0.0;11.0;15.609441196777647;173.053180230878;2.0;221.3469858734061;0.0;6.0;223.25355936569164;0.02508542708384126
jan-900271;0.0;0.0;0.0;0.0;0.0;0.0;21.0;24.801559198239794;294.5089577960281;1.0;353.36861702141664;0.0;2.0;296.1623010763601;0.09517225600160589
jan-900272;0.0;0.0;0.0;0.0;0.0;0.0;0.0;0.0;0.0;6.0;3609.3796307130656;0.0;1.0;108.82932135045404;0.06998256684565372
jan-900273;0.0;0.0;0.0;1.0;0.0;0.0;5.0;29.004445588403517;293.5555511315657;5.0;1860.5351268081913;0.0;1.0;32.1303055806875;0.020693252609519586
jan-900274;0.0;0.0;0.0;0.0;0.0;0.0;0.0;0.0;0.0;4.0;239.64308970462562;0.0;2.0;104.52133920752861;0.04761215338389011
jan-900275;0.0;0.0;0.0;1.0;0.0;0.0;35.0;54.97469185459719;822.0068748871284;32.0;13444.00530499112;0.0;9.0;865.9015288501839;0.06257931201348321
jan-900276;0.0;0.0;0.0;0.0;0.0;0.0;0.0;0.0;0.0;0.0;0.0;0.0;1.0;123.30279584610993;0.07693680429906888
jan-900277;0.0;0.0;0.0;0.0;0.0;0.0;41.0;46.20753320243273;889.9699022869397;10.0;3490.3542364312325;0.0;9.0;584.9172439725446;0.04413656585347564
jan-900278;0.0;0.0;0.0;0.0;0.0;0.0;8.0;20.016225748234618;329.3578443006672;2.0;871.778263442431;0.0;1.0;78.74193255471089;0.06737880846007775
jan-900279;0.0;0.0;0.0;0.0;0.0;0.0;5.0;36.468089645372054;771.1966418246257;2.0;231.5198091030166;0.0;0.0;0.0;0.0
jan-900280;0.0;0.0;0.0;0.0;0.0;0.0;0.0;0.0;0.0;8.0;3859.352723606091;0.0;3.0;190.66503983999493;0.047429294265661066
jan-900281;0.0;0.0;0.0;0.0;0.0;0.0;0.0;0.0;0.0;0.0;0.0;0.0;1.0;144.89368089765608;0.08448681620835752
jan-900282;0.0;0.0;0.0;0.0;0.0;0.0;0.0;0.0;0.0;3.0;1413.215984069238;0.0;5.0;410.3182072026237;0.06029806073937605
jan-900283;0.0;0.0;0.0;0.0;0.0;0.0;0.0;0.0;0.0;0.0;0.0;0.0;1.0;55.34134223725168;0.1073224693909788
jan-900284;0.0;0.0;0.0;0.0;0.0;0.0;0.0;0.0;0.0;0.0;0.0;0.0;0.0;0.0;0.0
jan-900285;0.0;0.0;0.0;0.0;0.0;0.0;3.0;5.1789557661167045;85.67446113016398;0.0;0.0;0.0;0.0;0.0;0.0
jan-900286;0.0;0.0;0.0;0.0;0.0;0.0;0.0;0.0;0.0;0.0;0.0;0.0;0.0;0.0;0.0
jan-900287;0.0;0.0;0.0;0.0;0.0;0.0;0.0;0.0;0.0;8.0;223.67572784302908;0.0;0.0;0.0;0.0
jan-900288;0.0;0.0;0.0;0.0;0.0;0.0;3.0;8.941811352908813;136.79821494301956;0.0;0.0;0.0;0.0;0.0;0.0
jan-900289;0.0;0.0;0.0;0.0;0.0;0.0;0.0;0.0;0.0;0.0;0.0;0.0;0.0;0.0;0.0
jan-900290;0.0;0.0;0.0;1.0;0.0;0.0;43.0;89.38798177301064;1216.1442793331632;7.0;1976.6279667003637;0.0;5.0;476.8809254004809;0.07125599279837697
jan-900291;0.0;0.0;0.0;0.0;0.0;0.0;0.0;0.0;0.0;1.0;675.3788701455568;0.0;4.0;175.23057314411108;0.03352079340928909
jan-900292;0.0;0.0;0.0;3.0;0.0;0.0;11.0;43.53215147082063;921.5283238229283;16.0;2319.4242569339417;0.0;5.0;1295.5755008512867;0.09314702998086169
jan-900293;0.0;0.0;0.0;0.0;0.0;0.0;0.0;0.0;0.0;4.0;608.1467112718004;0.0;1.0;88.4934851353115;0.07602750342881379
jan-900294;0.0;0.0;0.0;0.0;0.0;0.0;0.0;0.0;0.0;0.0;0.0;0.0;0.0;0.0;0.0
jan-900295;0.0;0.0;0.0;0.0;0.0;0.0;0.0;0.0;0.0;0.0;0.0;0.0;0.0;0.0;0.0
jan-900296;0.0;0.0;0.0;3.0;0.0;0.0;0.0;0.0;0.0;13.0;4087.2695548504284;0.0;2.0;73.90285219691067;0.03226180548879974
jan-900297;0.0;0.0;0.0;0.0;0.0;0.0;0.0;0.0;0.0;0.0;0.0;0.0;0.0;0.0;0.0
jan-900298;0.0;0.0;0.0;0.0;0.0;0.0;27.0;97.43109522006458;1585.6784681740853;48.0;16784.290923833025;0.0;2.0;110.44186002081914;0.031998902167734246
jan-900299;0.0;0.0;0.0;0.0;0.0;0.0;0.0;0.0;0.0;0.0;0.0;0.0;0.0;0.0;0.0
jan-900300;0.0;0.0;0.0;0.0;0.0;0.0;0.0;0.0;0.0;1.0;441.87010235167213;0.0;0.0;0.0;0.0
jan-900301;0.0;0.0;0.0;0.0;0.0;0.0;0.0;0.0;0.0;62.0;5862.660348720923;0.0;0.0;0.0;0.0
jan-900302;0.0;0.0;0.0;0.0;0.0;0.0;0.0;0.0;0.0;0.0;0.0;0.0;0.0;0.0;0.0
jan-900303;0.0;0.0;0.0;0.0;0.0;0.0;0.0;0.0;0.0;0.0;0.0;0.0;1.0;17.577480496036884;0.025716648421875574
jan-900304;0.0;0.0;0.0;0.0;0.0;0.0;8.0;18.66054969819509;321.51474769096563;6.0;2075.1266913606587;0.0;0.0;0.0;0.0
jan-900305;0.0;0.0;0.0;0.0;0.0;0.0;0.0;0.0;0.0;0.0;0.0;0.0;0.0;0.0;0.0
jan-900306;0.0;0.0;0.0;0.0;0.0;0.0;30.0;355.1235137042768;3086.063939062845;54.0;29967.982176538033;0.0;4.0;158.16827303439564;0.027745265799945018
jan-900307;0.0;0.0;0.0;0.0;0.0;0.0;0.0;0.0;0.0;0.0;0.0;0.0;0.0;0.0;0.0
jan-900308;0.0;0.0;0.0;0.0;0.0;0.0;8.0;52.71032781333437;1031.9551735946309;4.0;1810.4097751631514;0.0;6.0;412.88427873879397;0.034659860336103486
jan-900309;0.0;0.0;0.0;1.0;0.0;0.0;9.0;4.761802115166744;54.216157735508304;2.0;524.8979119156867;0.0;2.0;77.16399858025382;0.02830782972180655
jan-900310;0.0;0.0;0.0;0.0;0.0;0.0;0.0;0.0;0.0;0.0;0.0;0.0;2.0;62.39792309901802;0.05156585911702565
jan-900311;0.0;0.0;0.0;0.0;0.0;0.0;0.0;0.0;0.0;0.0;0.0;0.0;0.0;0.0;0.0
jan-900312;0.0;0.0;0.0;0.0;0.0;0.0;0.0;0.0;0.0;0.0;0.0;0.0;0.0;0.0;0.0
jan-900313;0.0;0.0;0.0;0.0;0.0;0.0;0.0;0.0;0.0;0.0;0.0;0.0;1.0;119.02353449223584;0.05468440899136834
jan-900314;0.0;0.0;0.0;0.0;0.0;0.0;0.0;0.0;0.0;0.0;0.0;0.0;0.0;0.0;0.0
jan-900315;0.0;0.0;0.0;0.0;0.0;0.0;2.0;2.582902340113088;29.206901186066883;0.0;0.0;0.0;1.0;78.6682802259559;0.047088566381336225
jan-900316;0.0;0.0;0.0;0.0;0.0;0.0;0.0;0.0;0.0;0.0;0.0;0.0;1.0;3.7471402841545776;0.006546733733178692
jan-900317;0.0;0.0;0.0;0.0;0.0;0.0;60.0;338.62001943384917;5064.242337118749;84.0;35217.41350105605;0.0;13.0;1384.1530540537408;0.05803336026784294
jan-900318;0.0;0.0;0.0;0.0;0.0;0.0;15.0;38.40903531538197;725.7204774556203;10.0;2037.0968381682303;0.0;10.0;624.7708633221296;0.04789021644137703
jan-900319;0.0;0.0;0.0;0.0;0.0;0.0;7.0;24.11560526470449;532.4784876902108;62.0;8739.576807211675;0.0;7.0;733.5545457526999;0.05956493424178735
jan-900320;0.0;0.0;0.0;0.0;0.0;0.0;0.0;0.0;0.0;0.0;0.0;0.0;0.0;0.0;0.0
jan-900321;0.0;0.0;0.0;0.0;0.0;0.0;0.0;0.0;0.0;0.0;0.0;0.0;0.0;0.0;0.0
jan-900322;0.0;0.0;0.0;0.0;0.0;0.0;0.0;0.0;0.0;0.0;0.0;0.0;0.0;0.0;0.0
jan-900323;0.0;0.0;0.0;0.0;0.0;0.0;9.0;39.51346563430487;906.6747871734494;7.0;2542.8448809170554;0.0;1.0;207.27278805920827;0.1032954990263645
jan-900324;0.0;0.0;0.0;0.0;0.0;0.0;15.0;64.8737909792558;714.2425855010342;9.0;1542.425402209994;0.0;2.0;179.03923359431792;0.08959183869356996
jan-900325;0.0;0.0;0.0;0.0;0.0;0.0;0.0;0.0;0.0;0.0;0.0;0.0;0.0;0.0;0.0
jan-900326;0.0;0.0;0.0;0.0;0.0;0.0;2.0;6.435694749394114;118.08344056123775;10.0;806.9459297871197;0.0;0.0;0.0;0.0
jan-900327;0.0;0.0;0.0;0.0;0.0;0.0;2.0;12.703926822140282;205.50855283221966;3.0;103.72640706004303;0.0;0.0;0.0;0.0
jan-900328;0.0;0.0;0.0;0.0;0.0;0.0;26.0;20.17699287631169;364.5970312463989;5.0;2007.6052532719052;0.0;6.0;453.55375429214337;0.053909860274308524
jan-900329;0.0;0.0;0.0;0.0;0.0;0.0;0.0;0.0;0.0;0.0;0.0;0.0;0.0;0.0;0.0
jan-900330;0.0;0.0;0.0;0.0;0.0;0.0;0.0;0.0;0.0;0.0;0.0;0.0;10.0;693.728170037815;0.042267393970482965
jan-900331;0.0;0.0;0.0;0.0;0.0;0.0;3.0;3.164358456173431;40.085941224348296;1.0;447.0837724039428;0.0;0.0;0.0;0.0
jan-900332;0.0;0.0;0.0;0.0;0.0;0.0;0.0;0.0;0.0;0.0;0.0;0.0;2.0;223.19545226924197;0.1909459079585672
jan-900333;0.0;0.0;0.0;0.0;0.0;0.0;27.0;161.32045253941646;1756.5238017014328;67.0;16087.229133768817;0.0;4.0;245.6871465825082;0.052532336873843774
jan-900334;0.0;0.0;0.0;0.0;0.0;0.0;0.0;0.0;0.0;40.0;12922.398416635857;0.0;7.0;369.39600588800886;0.05854573124593795
jan-900335;0.0;0.0;0.0;0.0;0.0;0.0;33.0;262.80245087415966;2993.4848435905587;9.0;2382.2995487303833;0.0;5.0;443.20336406327334;0.06614626928654477
jan-900336;0.0;0.0;0.0;0.0;0.0;0.0;0.0;0.0;0.0;0.0;0.0;0.0;0.0;0.0;0.0
jan-900337;0.0;0.0;0.0;0.0;0.0;0.0;0.0;0.0;0.0;0.0;0.0;0.0;0.0;0.0;0.0
jan-900338;0.0;0.0;0.0;0.0;0.0;0.0;20.0;78.14735809499535;1075.7537510882212;100.0;4507.819427608592;0.0;8.0;569.8701982367071;0.045936491133211285
jan-900339;0.0;0.0;0.0;0.0;0.0;0.0;0.0;0.0;0.0;0.0;0.0;0.0;0.0;0.0;0.0
jan-900340;0.0;0.0;0.0;0.0;0.0;0.0;8.0;23.006070449103653;205.66618973606745;2.0;712.0669990591562;0.0;2.0;228.85186612216924;0.08231325171678913
jan-900341;0.0;0.0;0.0;0.0;0.0;0.0;18.0;80.9229463239901;964.5083431811669;11.0;5350.476806785582;0.0;3.0;310.34344467788156;0.06584125904690495
jan-900342;0.0;0.0;0.0;1.0;0.0;0.0;34.0;87.68914078745466;2194.6808849464664;35.0;13102.345409694517;0.0;7.0;795.4151420434442;0.05914796250045694
jan-900343;0.0;0.0;0.0;0.0;0.0;0.0;11.0;18.090120967601614;215.37413286069446;1.0;437.2273636852077;0.0;5.0;405.3921477780426;0.046479154915182584
jan-900344;0.0;0.0;0.0;0.0;0.0;0.0;0.0;0.0;0.0;0.0;0.0;0.0;1.0;86.73998327870872;0.08367345219467477
jan-900345;0.0;0.0;0.0;0.0;0.0;0.0;0.0;0.0;0.0;0.0;0.0;0.0;1.0;56.436860762983365;0.053327364279620176
jan-900346;0.0;0.0;0.0;0.0;0.0;0.0;0.0;0.0;0.0;0.0;0.0;0.0;1.0;91.01200312169989;0.06937992188177391
jan-900347;0.0;0.0;0.0;0.0;0.0;0.0;27.0;146.7350764366205;2475.656331629228;58.0;7156.4572856086415;0.0;4.0;430.0214282005811;0.06376525001878434
jan-900348;0.0;0.0;0.0;0.0;0.0;0.0;4.0;6.169348064075401;81.4905225209157;0.0;0.0;0.0;0.0;0.0;0.0
jan-900349;0.0;0.0;0.0;0.0;0.0;0.0;2.0;0.8935471238671034;7.725957252755544;0.0;0.0;0.0;1.0;68.65715235651054;0.06039246449623427
jan-900350;0.0;0.0;0.0;0.0;0.0;0.0;0.0;0.0;0.0;0.0;0.0;0.0;3.0;252.65308496917743;0.09207189030296566
jan-900351;0.0;0.0;0.0;0.0;0.0;0.0;0.0;0.0;0.0;10.0;4598.685232992063;0.0;1.0;94.3016533878992;0.06470015552925477
jan-900352;0.0;0.0;0.0;0.0;0.0;0.0;0.0;0.0;0.0;0.0;0.0;0.0;0.0;0.0;0.0
jan-900353;0.0;0.0;0.0;0.0;0.0;0.0;0.0;0.0;0.0;0.0;0.0;0.0;0.0;0.0;0.0
jan-900354;0.0;0.0;0.0;0.0;0.0;0.0;0.0;0.0;0.0;0.0;0.0;0.0;0.0;0.0;0.0
jan-900355;0.0;0.0;0.0;0.0;0.0;0.0;0.0;0.0;0.0;22.0;10975.95228593258;0.0;4.0;223.7905058089282;0.04601390979535442
jan-900356;0.0;0.0;0.0;0.0;0.0;0.0;0.0;0.0;0.0;0.0;0.0;0.0;0.0;0.0;0.0
jan-900357;0.0;0.0;0.0;1.0;0.0;0.0;16.0;45.95418219500228;758.7249058986905;7.0;2169.9289255607614;0.0;2.0;359.8830515240768;0.10492459723933495
jan-900358;0.0;0.0;0.0;0.0;0.0;0.0;12.0;35.366716497559324;448.72890987915093;7.0;2749.107846421612;0.0;1.0;71.95324997063683;0.052964901066202094
jan-900359;0.0;0.0;0.0;0.0;0.0;0.0;0.0;0.0;0.0;0.0;0.0;0.0;1.0;103.6219210424666;0.07661870690211098
jan-900360;0.0;0.0;0.0;0.0;0.0;0.0;0.0;0.0;0.0;2.0;5.370343431104228;0.0;2.0;75.84317598881721;0.028905455867284515
jan-900361;0.0;0.0;0.0;0.0;0.0;0.0;17.0;120.15217147314898;1901.1710566368056;20.0;11012.280004645083;0.0;4.0;266.12717895855246;0.05391453900138052
jan-900362;0.0;0.0;0.0;0.0;0.0;0.0;7.0;32.72042320387163;326.36957745916067;3.0;1115.6274231841305;0.0;1.0;55.569141766477316;0.0625206541731426
jan-900363;0.0;0.0;0.0;0.0;0.0;0.0;4.0;7.279180632171317;71.4036048933003;5.0;444.39343567248443;0.0;4.0;252.80835764790646;0.05568492602767891
jan-900364;0.0;0.0;0.0;0.0;0.0;0.0;0.0;0.0;0.0;0.0;0.0;0.0;0.0;0.0;0.0
jan-900365;0.0;0.0;0.0;0.0;0.0;0.0;0.0;0.0;0.0;0.0;0.0;0.0;0.0;0.0;0.0
jan-900366;0.0;0.0;0.0;0.0;0.0;0.0;0.0;0.0;0.0;0.0;0.0;0.0;0.0;0.0;0.0
jan-900367;0.0;0.0;0.0;0.0;0.0;0.0;0.0;0.0;0.0;0.0;0.0;0.0;2.0;38.29587427621091;0.015585350580788108
jan-900368;0.0;0.0;0.0;0.0;0.0;0.0;0.0;0.0;0.0;3.0;1414.431606196428;0.0;0.0;0.0;0.0
jan-900369;0.0;0.0;0.0;0.0;0.0;0.0;11.0;5.295906453782209;68.12985676995703;0.0;0.0;0.0;5.0;470.51259725933613;0.06997991074877725
jan-900370;0.0;0.0;0.0;0.0;0.0;0.0;6.0;47.438804475920705;592.7470509998874;0.0;0.0;0.0;1.0;59.51879204106846;0.04802767329387846
jan-900371;0.0;0.0;0.0;0.0;0.0;0.0;2.0;8.11488873798437;86.56204686928453;45.0;2189.935728875893;0.0;0.0;0.0;0.0
jan-900372;0.0;0.0;0.0;1.0;1.0;32.90512663513387;0.0;0.0;0.0;0.0;0.0;0.0;2.0;91.40073207058846;0.042713604382086
jan-900373;0.0;0.0;0.0;0.0;0.0;0.0;0.0;0.0;0.0;3.0;1349.1586368838373;0.0;1.0;44.37753847560478;0.031751348594218916
jan-900374;0.0;0.0;0.0;0.0;0.0;0.0;0.0;0.0;0.0;1.0;1.9602965242974162;0.0;1.0;151.56850620485764;0.10798534132214171
jan-900375;0.0;0.0;0.0;0.0;0.0;0.0;0.0;0.0;0.0;0.0;0.0;0.0;0.0;0.0;0.0
jan-900376;0.0;0.0;0.0;0.0;0.0;0.0;0.0;0.0;0.0;0.0;0.0;0.0;0.0;0.0;0.0
jan-900377;0.0;0.0;0.0;0.0;0.0;0.0;0.0;0.0;0.0;0.0;0.0;0.0;2.0;575.4556853573189;0.1679555610534335
jan-900378;0.0;0.0;0.0;0.0;0.0;0.0;0.0;0.0;0.0;8.0;2343.6770850925755;0.0;1.0;20.63125334323909;0.018066104732343845
jan-900379;0.0;0.0;0.0;0.0;0.0;0.0;0.0;0.0;0.0;0.0;0.0;0.0;1.0;27.60324541848307;0.022221643373111916
jan-900380;0.0;0.0;0.0;0.0;0.0;0.0;0.0;0.0;0.0;23.0;937.8625139465546;0.0;4.0;291.5831565504909;0.058265777982702084
jan-900381;0.0;0.0;0.0;0.0;0.0;0.0;0.0;0.0;0.0;0.0;0.0;0.0;0.0;0.0;0.0
jan-900382;0.0;0.0;0.0;0.0;0.0;0.0;0.0;0.0;0.0;0.0;0.0;0.0;2.0;115.66207967559716;0.045232141778317234
jan-900383;0.0;0.0;0.0;0.0;0.0;0.0;0.0;0.0;0.0;0.0;0.0;0.0;3.0;345.7684151307955;0.0763501578769687
jan-900384;0.0;0.0;0.0;0.0;0.0;0.0;6.0;16.822790004754644;285.7238870837505;3.0;1683.4784908628674;0.0;1.0;71.4388024139983;0.06703066536095774
jan-900385;0.0;0.0;0.0;0.0;0.0;0.0;0.0;0.0;0.0;0.0;0.0;0.0;0.0;0.0;0.0
jan-900386;0.0;0.0;0.0;0.0;0.0;0.0;2.0;0.23861633905304883;4.950806192063438;0.0;0.0;0.0;2.0;231.6353521477761;0.06447587848315353
jan-900387;0.0;0.0;0.0;0.0;0.0;0.0;0.0;0.0;0.0;0.0;0.0;0.0;1.0;53.740357167795075;0.045802713162106656
jan-900388;0.0;0.0;0.0;0.0;0.0;0.0;0.0;0.0;0.0;20.0;7404.713805136682;0.0;7.0;562.5396853783233;0.06338427677771546
jan-900389;0.0;0.0;0.0;0.0;0.0;0.0;0.0;0.0;0.0;3.0;4.216667394896797;0.0;4.0;624.7737624834205;0.12939720611236852
jan-900390;0.0;0.0;0.0;0.0;0.0;0.0;0.0;0.0;0.0;2.0;721.589352691453;0.0;5.0;163.3497467525208;0.027308960044974757
jan-900391;0.0;0.0;0.0;0.0;0.0;0.0;0.0;0.0;0.0;0.0;0.0;0.0;0.0;0.0;0.0
jan-900392;0.0;0.0;0.0;0.0;0.0;0.0;6.0;17.84597721490364;197.9756732269586;9.0;118.51154627489814;0.0;3.0;336.79653209733215;0.07080983740917687
jan-900393;0.0;0.0;0.0;0.0;0.0;0.0;53.0;312.42456024968664;4291.847387093496;36.0;16057.181563343323;0.0;4.0;321.310514361173;0.0740173851662525
jan-900394;0.0;0.0;0.0;0.0;0.0;0.0;2.0;0.24778291037339778;4.148038663370183;0.0;0.0;0.0;0.0;0.0;0.0
jan-900395;0.0;0.0;0.0;0.0;0.0;0.0;0.0;0.0;0.0;0.0;0.0;0.0;0.0;0.0;0.0
jan-900396;0.0;0.0;0.0;0.0;0.0;0.0;0.0;0.0;0.0;2.0;306.93842546512855;0.0;1.0;112.41145063915897;0.09197480539712727
jan-900397;0.0;0.0;0.0;1.0;0.0;0.0;0.0;0.0;0.0;1.0;472.2739633849343;0.0;1.0;19.542587889162682;0.019973578489750857
jan-900398;0.0;0.0;0.0;0.0;0.0;0.0;11.0;45.23857308040083;434.36794238397596;8.0;3078.86012603168;0.0;1.0;87.32361295912447;0.057647619669993655
jan-900399;0.0;0.0;0.0;2.0;0.0;0.0;0.0;0.0;0.0;0.0;0.0;0.0;1.0;101.07248393391868;0.05929441999929825
jan-900400;0.0;0.0;0.0;0.0;0.0;0.0;2.0;1.9238528807933328;22.91731464094759;1.0;411.9196597663804;0.0;1.0;109.41535812850994;0.07822932609368066
jan-900401;0.0;0.0;0.0;0.0;0.0;0.0;0.0;0.0;0.0;1.0;4.477672321580247;0.0;5.0;299.9710332272506;0.04228685816644415
jan-900402;0.0;0.0;0.0;0.0;0.0;0.0;0.0;0.0;0.0;0.0;0.0;0.0;0.0;0.0;0.0
jan-900403;0.0;0.0;0.0;0.0;0.0;0.0;0.0;0.0;0.0;0.0;0.0;0.0;0.0;0.0;0.0
jan-900404;0.0;0.0;0.0;0.0;0.0;0.0;8.0;4.551554952771658;49.44004357982435;0.0;0.0;0.0;2.0;56.9168724587118;0.01958862255355134
jan-900405;0.0;0.0;0.0;0.0;0.0;0.0;0.0;0.0;0.0;6.0;2003.6318338560764;0.0;1.0;30.87381336993843;0.021345970670261855
jan-900406;0.0;0.0;0.0;0.0;0.0;0.0;0.0;0.0;0.0;0.0;0.0;0.0;0.0;0.0;0.0
jan-900407;0.0;0.0;0.0;0.0;0.0;0.0;0.0;0.0;0.0;0.0;0.0;0.0;8.0;999.4711634052289;0.09235925138629988
jan-900408;0.0;0.0;0.0;0.0;0.0;0.0;26.0;83.86215651159449;1603.489686821025;18.0;8046.220482209066;0.0;10.0;532.185532539192;0.035567213317545865
jan-900409;0.0;0.0;0.0;0.0;0.0;0.0;0.0;0.0;0.0;0.0;0.0;0.0;9.0;745.1642043140439;0.05527245080056702
jan-900410;0.0;0.0;0.0;0.0;0.0;0.0;0.0;0.0;0.0;0.0;0.0;0.0;0.0;0.0;0.0
jan-900411;0.0;0.0;0.0;0.0;0.0;0.0;0.0;0.0;0.0;16.0;1107.3868267994862;0.0;2.0;57.59090861579686;0.02152570143251169
jan-900412;0.0;0.0;0.0;0.0;0.0;0.0;0.0;0.0;0.0;0.0;0.0;0.0;0.0;0.0;0.0
jan-900413;0.0;0.0;0.0;0.0;0.0;0.0;0.0;0.0;0.0;1.0;377.21187814905335;0.0;2.0;95.32530998713445;0.03254599633974742
jan-900414;0.0;0.0;0.0;0.0;0.0;0.0;42.0;16.654839038072197;192.58312709055951;5.0;2154.397676001576;0.0;9.0;551.7103377908712;0.045699541374082185
jan-900415;0.0;0.0;0.0;1.0;0.0;0.0;24.0;160.30606334208122;1890.5038080580596;55.0;2160.407763283835;0.0;9.0;754.7962858111486;0.06270872041249623
jan-900416;0.0;0.0;0.0;0.0;0.0;0.0;0.0;0.0;0.0;0.0;0.0;0.0;4.0;350.70902499210536;0.06763590804208139
jan-900417;0.0;0.0;0.0;0.0;0.0;0.0;31.0;175.00712049975414;2425.0371171663646;72.0;23805.33324361687;0.0;4.0;590.0307637925362;0.08802558749614064
jan-900418;0.0;0.0;0.0;0.0;0.0;0.0;0.0;0.0;0.0;0.0;0.0;0.0;0.0;0.0;0.0
jan-900419;0.0;0.0;0.0;0.0;0.0;0.0;0.0;0.0;0.0;0.0;0.0;0.0;0.0;0.0;0.0
jan-900420;0.0;0.0;0.0;0.0;0.0;0.0;0.0;0.0;0.0;0.0;0.0;0.0;0.0;0.0;0.0
jan-900421;0.0;0.0;0.0;0.0;0.0;0.0;0.0;0.0;0.0;0.0;0.0;0.0;0.0;0.0;0.0
jan-900422;0.0;0.0;0.0;0.0;0.0;0.0;13.0;73.77081780051384;814.2837483229786;13.0;4993.709718498089;0.0;1.0;43.138216373715785;0.028310152579306334
jan-900423;0.0;0.0;0.0;0.0;0.0;0.0;4.0;6.013229845114946;119.84486198580527;1.0;394.15179428263804;0.0;0.0;0.0;0.0
jan-900424;0.0;0.0;0.0;0.0;0.0;0.0;9.0;50.20641525696313;800.6342294774315;84.0;17771.850298997124;0.0;4.0;400.0586576180946;0.061976196134298375
jan-900425;0.0;0.0;0.0;1.0;0.0;0.0;2.0;1.3713952554323225;15.827365913396306;6.0;2051.1477884287965;0.0;8.0;517.0781011635291;0.04812407878794673
jan-900426;0.0;0.0;0.0;0.0;0.0;0.0;0.0;0.0;0.0;0.0;0.0;0.0;0.0;0.0;0.0
jan-900427;0.0;0.0;0.0;1.0;0.0;0.0;14.0;54.90224898702912;655.0694293020799;15.0;7594.711341966963;0.0;6.0;300.14168557524465;0.05435501400039344
jan-900428;0.0;0.0;0.0;1.0;0.0;0.0;66.0;119.29366315996016;1718.046819895821;22.0;12052.10137237197;0.0;11.0;619.2497848897013;0.04180730255574875
jan-900429;0.0;0.0;0.0;1.0;0.0;0.0;29.0;54.50756351655237;1055.480083873992;26.0;8341.371626153425;0.0;9.0;1042.3756070107245;0.06696818051243279
jan-900430;0.0;0.0;0.0;0.0;0.0;0.0;0.0;0.0;0.0;0.0;0.0;0.0;4.0;96.32993567111873;0.019469784974094306
jan-900431;0.0;0.0;0.0;0.0;0.0;0.0;0.0;0.0;0.0;0.0;0.0;0.0;0.0;0.0;0.0
jan-900432;0.0;0.0;0.0;0.0;0.0;0.0;0.0;0.0;0.0;0.0;0.0;0.0;0.0;0.0;0.0
jan-900433;0.0;0.0;0.0;0.0;0.0;0.0;5.0;15.930342693878359;205.71557227431848;6.0;3162.6922630046515;0.0;0.0;0.0;0.0
jan-900434;0.0;0.0;0.0;0.0;0.0;0.0;0.0;0.0;0.0;0.0;0.0;0.0;0.0;0.0;0.0
jan-900435;0.0;0.0;0.0;1.0;0.0;0.0;56.0;196.79923318971973;2595.417451842712;49.0;16171.463726763077;0.0;7.0;739.1787171173005;0.06437216615355462
jan-900436;0.0;0.0;0.0;0.0;0.0;0.0;17.0;56.13015503453011;880.3883649860213;15.0;7343.246786457305;0.0;1.0;197.93403280933595;0.11944467567697409
jan-900437;0.0;0.0;0.0;0.0;0.0;0.0;0.0;0.0;0.0;8.0;839.3883997406404;0.0;0.0;0.0;0.0
jan-900438;0.0;0.0;0.0;1.0;0.0;0.0;24.0;156.16373257432497;2156.201883035662;23.0;10390.727873426033;0.0;3.0;315.73865376188684;0.05055257967216504
jan-900439;0.0;0.0;0.0;0.0;0.0;0.0;6.0;16.14667684542359;201.04311876926886;9.0;2262.5145015471876;0.0;2.0;66.00598986787843;0.031519845495027315
jan-900440;0.0;0.0;0.0;0.0;0.0;0.0;0.0;0.0;0.0;2.0;85.56677168496446;0.0;2.0;29.916006561613965;0.013297816167858337
jan-900441;0.0;0.0;0.0;0.0;0.0;0.0;0.0;0.0;0.0;5.0;2113.504712388344;0.0;1.0;174.9364803601913;0.13536131053913433
jan-900442;0.0;0.0;0.0;0.0;0.0;0.0;39.0;181.62144523834635;2282.0120543190587;68.0;29453.897356863195;0.0;15.0;987.8741069661014;0.04561227114133606
jan-900443;0.0;0.0;0.0;0.0;0.0;0.0;2.0;1.0196144658266386;12.622549228435991;0.0;0.0;0.0;2.0;87.3181099264739;0.032065487530474016
jan-900444;0.0;0.0;0.0;0.0;0.0;0.0;0.0;0.0;0.0;0.0;0.0;0.0;0.0;0.0;0.0
jan-900445;0.0;0.0;0.0;0.0;0.0;0.0;0.0;0.0;0.0;29.0;1504.687192302614;0.0;4.0;380.069833204921;0.050596130224527504
jan-900446;0.0;0.0;0.0;2.0;0.0;0.0;2.0;2.155706680069356;2.7787710833805006;3.0;1069.2699524188765;0.0;8.0;684.8159456861744;0.04293705395713176
jan-900447;0.0;0.0;0.0;1.0;1.0;6.942641999514754;0.0;0.0;0.0;7.0;188.64121586792726;0.0;5.0;345.5275534098402;0.044134674800579005
jan-900448;0.0;0.0;0.0;0.0;0.0;0.0;0.0;0.0;0.0;20.0;3470.5003790539786;0.0;1.0;91.47835572569396;0.07477296749269327
jan-900449;0.0;0.0;0.0;1.0;0.0;0.0;0.0;0.0;0.0;0.0;0.0;0.0;1.0;65.79406530713455;0.056269439383286
jan-900450;0.0;0.0;0.0;0.0;0.0;0.0;0.0;0.0;0.0;0.0;0.0;0.0;1.0;64.0690422692285;0.03620426682995728
jan-900451;0.0;0.0;0.0;0.0;0.0;0.0;0.0;0.0;0.0;0.0;0.0;0.0;1.0;43.96958575130202;0.039133446103375276
jan-900452;0.0;0.0;0.0;1.0;0.0;0.0;23.0;96.83624274256958;1462.2220036295162;18.0;8505.736593818046;0.0;8.0;829.8433572957298;0.05198594133905191
jan-900453;0.0;0.0;0.0;0.0;0.0;0.0;0.0;0.0;0.0;0.0;0.0;0.0;0.0;0.0;0.0
jan-900454;0.0;0.0;0.0;0.0;0.0;0.0;0.0;0.0;0.0;0.0;0.0;0.0;0.0;0.0;0.0
jan-900455;0.0;0.0;0.0;1.0;0.0;0.0;9.0;24.90829748081297;339.7063588342958;16.0;4196.68301084806;0.0;4.0;470.2450603424244;0.08128643431559034
jan-900456;0.0;0.0;0.0;0.0;0.0;0.0;0.0;0.0;0.0;3.0;406.44902554237365;0.0;3.0;167.65869192973764;0.05511552784228575
jan-900457;0.0;0.0;0.0;0.0;0.0;0.0;4.0;56.66842221494493;548.6838751727056;7.0;582.3689381221426;0.0;2.0;104.41228848965105;0.04694557426499909
jan-900458;0.0;0.0;0.0;0.0;0.0;0.0;0.0;0.0;0.0;0.0;0.0;0.0;0.0;0.0;0.0
jan-900459;0.0;0.0;0.0;0.0;0.0;0.0;17.0;131.35193489391455;2230.6537285087984;172.0;20048.573375630654;0.0;7.0;783.3767685160767;0.09313246357766232
jan-900460;0.0;0.0;0.0;0.0;0.0;0.0;0.0;0.0;0.0;0.0;0.0;0.0;3.0;137.41930684341244;0.031856126086481217
jan-900461;0.0;0.0;0.0;0.0;0.0;0.0;0.0;0.0;0.0;13.0;6440.9184656250545;0.0;1.0;48.27398037389385;0.020938124768214206
jan-900462;0.0;0.0;0.0;0.0;0.0;0.0;5.0;25.760976425819372;291.2937136126474;8.0;1961.5483090056252;0.0;1.0;124.34009299706062;0.07620531966757449
jan-900463;0.0;0.0;0.0;0.0;0.0;0.0;14.0;21.75755448569303;233.67201064388175;4.0;1102.8958524145837;0.0;6.0;232.01991590600133;0.03590767640525213
jan-900464;0.0;0.0;0.0;0.0;0.0;0.0;0.0;0.0;0.0;1.0;61.90342924860588;0.0;2.0;309.7550507956637;0.13543413070359006
jan-900465;0.0;0.0;0.0;0.0;0.0;0.0;0.0;0.0;0.0;0.0;0.0;0.0;0.0;0.0;0.0
jan-900466;0.0;0.0;0.0;0.0;0.0;0.0;0.0;0.0;0.0;35.0;588.8035506525997;0.0;5.0;360.18011316844803;0.04444246992481236
jan-900467;0.0;0.0;0.0;0.0;0.0;0.0;21.0;116.34520128549428;1380.7261886822314;3.0;1243.062777025144;0.0;10.0;1013.5965669751661;0.1284284550464958
jan-900468;0.0;0.0;0.0;0.0;0.0;0.0;25.0;108.73468719591139;1911.591759215453;38.0;12570.1112203406;0.0;11.0;629.4626763573502;0.040541521932447144
jan-900469;0.0;0.0;0.0;0.0;0.0;0.0;0.0;0.0;0.0;0.0;0.0;0.0;0.0;0.0;0.0
jan-900470;0.0;0.0;0.0;0.0;0.0;0.0;0.0;0.0;0.0;0.0;0.0;0.0;0.0;0.0;0.0
jan-900471;0.0;0.0;0.0;0.0;0.0;0.0;0.0;0.0;0.0;2.0;307.0157761263933;0.0;0.0;0.0;0.0
jan-900472;0.0;0.0;0.0;0.0;0.0;0.0;0.0;0.0;0.0;7.0;2923.6749116709243;0.0;6.0;329.1258910052011;0.05525094324851064
jan-900473;0.0;0.0;0.0;0.0;0.0;0.0;0.0;0.0;0.0;1.0;147.56946953293067;0.0;2.0;51.27710969011002;0.01930530059690896
jan-900474;0.0;0.0;0.0;0.0;0.0;0.0;8.0;17.467761700260155;194.04727664837327;0.0;0.0;0.0;1.0;49.73497130257501;0.05478564097518587
jan-900475;0.0;0.0;0.0;0.0;0.0;0.0;0.0;0.0;0.0;0.0;0.0;0.0;3.0;222.99614097974913;0.0690885243685797
jan-900476;0.0;0.0;0.0;0.0;0.0;0.0;0.0;0.0;0.0;0.0;0.0;0.0;1.0;19.470423626730454;0.019836911433346965
jan-900477;0.0;0.0;0.0;0.0;0.0;0.0;0.0;0.0;0.0;1.0;436.45069218615174;0.0;0.0;0.0;0.0
jan-900478;0.0;0.0;0.0;0.0;0.0;0.0;5.0;5.954789630830487;64.73393945868237;1.0;118.9100231092115;0.0;2.0;27.232884782439594;0.008829908245042916
jan-900479;0.0;0.0;0.0;0.0;0.0;0.0;0.0;0.0;0.0;8.0;2943.3922775412193;0.0;0.0;0.0;0.0
jan-900480;0.0;0.0;0.0;0.0;0.0;0.0;0.0;0.0;0.0;3.0;6.31449999177711;0.0;2.0;340.4961035039329;0.15951638380932082
jan-900481;0.0;0.0;0.0;0.0;0.0;0.0;0.0;0.0;0.0;0.0;0.0;0.0;1.0;17.67816951150237;0.02181880847680427
jan-900482;0.0;0.0;0.0;0.0;0.0;0.0;0.0;0.0;0.0;0.0;0.0;0.0;1.0;107.3166977504509;0.1994861735052223
jan-900483;0.0;0.0;0.0;0.0;0.0;0.0;0.0;0.0;0.0;0.0;0.0;0.0;7.0;530.5378378657107;0.08978549775734378
jan-900484;0.0;0.0;0.0;0.0;0.0;0.0;0.0;0.0;0.0;0.0;0.0;0.0;0.0;0.0;0.0
jan-900485;0.0;0.0;0.0;0.0;0.0;0.0;0.0;0.0;0.0;0.0;0.0;0.0;2.0;226.4054411345705;0.1106638518130187
jan-900486;0.0;0.0;0.0;0.0;0.0;0.0;0.0;0.0;0.0;0.0;0.0;0.0;0.0;0.0;0.0
jan-900487;0.0;0.0;0.0;0.0;0.0;0.0;44.0;254.70505535463377;3373.2881041117103;62.0;17039.488176200728;0.0;5.0;366.2897229256493;0.051160762056472533
jan-900488;0.0;0.0;0.0;0.0;0.0;0.0;0.0;0.0;0.0;0.0;0.0;0.0;0.0;0.0;0.0
jan-900489;0.0;0.0;0.0;0.0;0.0;0.0;0.0;0.0;0.0;9.0;32.39131161613764;0.0;2.0;103.92461088615572;0.040531071297142715
jan-900490;0.0;0.0;0.0;1.0;0.0;0.0;0.0;0.0;0.0;124.0;4549.61211833938;0.0;2.0;315.346929658568;0.13702332100256132
jan-900491;0.0;0.0;0.0;0.0;0.0;0.0;0.0;0.0;0.0;20.0;473.919168543766;0.0;0.0;0.0;0.0
jan-900492;0.0;0.0;0.0;0.0;0.0;0.0;15.0;85.91530708183976;1511.8271043250404;17.0;728.6898202075014;0.0;7.0;536.208027745283;0.03592483596317007
jan-900493;0.0;0.0;0.0;0.0;0.0;0.0;0.0;0.0;0.0;3.0;977.4349489370734;0.0;1.0;50.777608997574305;0.027076851382619498
jan-900494;0.0;0.0;0.0;0.0;0.0;0.0;0.0;0.0;0.0;0.0;0.0;0.0;0.0;0.0;0.0
jan-900495;0.0;0.0;0.0;0.0;0.0;0.0;6.0;2.8511186390677583;36.85928332585119;0.0;0.0;0.0;1.0;171.7866436253027;0.13138842012219568
jan-900496;0.0;0.0;0.0;1.0;0.0;0.0;20.0;132.98774717148697;2476.9943000324292;25.0;10369.653687658967;0.0;5.0;579.3480385665329;0.06487313499590922
jan-900497;0.0;0.0;0.0;0.0;0.0;0.0;0.0;0.0;0.0;0.0;0.0;0.0;0.0;0.0;0.0
jan-900498;0.0;0.0;0.0;0.0;0.0;0.0;18.0;76.85347767269693;1253.2128127528622;5.0;2888.484366956616;0.0;3.0;383.1438284183503;0.07178262833280803
jan-900499;0.0;0.0;0.0;1.0;1.0;3.0013868208899055;0.0;0.0;0.0;4.0;264.27716773739365;0.0;0.0;0.0;0.0
jan-900500;0.0;0.0;0.0;0.0;0.0;0.0;0.0;0.0;0.0;0.0;0.0;0.0;2.0;98.54314526704577;0.04534600561962357
jan-900501;0.0;0.0;0.0;0.0;0.0;0.0;0.0;0.0;0.0;1.0;550.0385664594302;0.0;2.0;27.80572835266445;0.009397798585523084
jan-900502;0.0;0.0;0.0;1.0;0.0;0.0;0.0;0.0;0.0;0.0;0.0;0.0;3.0;277.1147017451354;0.08180620869988653
jan-900503;0.0;0.0;0.0;0.0;0.0;0.0;6.0;12.995644748382722;154.3024411812589;60.0;2513.297701376555;0.0;0.0;0.0;0.0
jan-900504;0.0;0.0;0.0;0.0;0.0;0.0;2.0;12.068576437046627;167.97808587008956;2.0;738.1043262030603;0.0;0.0;0.0;0.0
jan-900505;0.0;0.0;0.0;1.0;1.0;102.54025019141389;0.0;0.0;0.0;1.0;583.1417960059065;0.0;3.0;145.12998051383542;0.03662875175814549
jan-900506;0.0;0.0;0.0;0.0;0.0;0.0;0.0;0.0;0.0;0.0;0.0;0.0;0.0;0.0;0.0
jan-900507;0.0;0.0;0.0;0.0;0.0;0.0;0.0;0.0;0.0;1.0;508.78194583882697;0.0;2.0;67.03546136791505;0.025763535441557843
jan-900508;0.0;0.0;0.0;0.0;0.0;0.0;2.0;5.320000606521493;56.70798307504728;1.0;188.23925596307012;0.0;3.0;103.55765718095707;0.02448558633315018
jan-900509;0.0;0.0;0.0;0.0;0.0;0.0;24.0;95.51790786847171;2473.5180802528794;6.0;3130.849420735716;0.0;10.0;866.2137436542023;0.07050758654627963
jan-900510;0.0;0.0;0.0;0.0;0.0;0.0;0.0;0.0;0.0;0.0;0.0;0.0;0.0;0.0;0.0
jan-900511;0.0;0.0;0.0;0.0;0.0;0.0;2.0;6.641268280688077;91.50638848620174;0.0;0.0;0.0;1.0;66.2277133248358;0.04301918714083044
jan-900512;0.0;0.0;0.0;0.0;0.0;0.0;2.0;6.576376769317577;90.1044222668088;0.0;0.0;0.0;2.0;156.67352466646267;0.07829276049293254
jan-900513;0.0;0.0;0.0;0.0;0.0;0.0;0.0;0.0;0.0;6.0;2562.710809043733;0.0;2.0;128.0610996830775;0.03610100158246955
jan-900514;0.0;0.0;0.0;0.0;0.0;0.0;0.0;0.0;0.0;0.0;0.0;0.0;0.0;0.0;0.0
jan-900515;0.0;0.0;0.0;0.0;0.0;0.0;0.0;0.0;0.0;1.0;67.18629964247164;0.0;2.0;91.54090240223772;0.04570209263246264
jan-900516;0.0;0.0;0.0;0.0;0.0;0.0;5.0;11.310167285850609;266.6087265657123;22.0;1351.8861270320458;0.0;5.0;688.9541118704439;0.057373985405920945
jan-900517;0.0;0.0;0.0;0.0;0.0;0.0;0.0;0.0;0.0;1.0;469.89050277809406;0.0;1.0;66.70648742252449;0.04143718122144333
jan-900518;0.0;0.0;0.0;0.0;0.0;0.0;0.0;0.0;0.0;2.0;107.72579703904456;0.0;1.0;112.78893803509328;0.06791862492228627
jan-900519;0.0;0.0;0.0;0.0;0.0;0.0;0.0;0.0;0.0;25.0;12384.978808915432;0.0;6.0;445.09915190819396;0.046575282610543244
jan-900520;0.0;0.0;0.0;0.0;0.0;0.0;0.0;0.0;0.0;8.0;3335.6968585990353;0.0;3.0;155.72144876995375;0.03506803769099386
jan-900521;0.0;0.0;0.0;0.0;0.0;0.0;0.0;0.0;0.0;1.0;95.34338013842155;0.0;2.0;134.25536605866563;0.0579374451684017
jan-900522;0.0;0.0;0.0;1.0;0.0;0.0;0.0;0.0;0.0;1.0;530.9863225343203;0.0;3.0;166.4653298869035;0.04305862275141975
jan-900523;0.0;0.0;0.0;0.0;0.0;0.0;0.0;0.0;0.0;0.0;0.0;0.0;0.0;0.0;0.0
jan-900524;0.0;0.0;0.0;1.0;0.0;0.0;0.0;0.0;0.0;9.0;2938.4665447139437;0.0;2.0;138.8324185083613;0.07089533465130148
jan-900525;0.0;0.0;0.0;0.0;0.0;0.0;2.0;6.887350658722182;90.44375437938476;0.0;0.0;0.0;0.0;0.0;0.0
jan-900526;0.0;0.0;0.0;0.0;0.0;0.0;0.0;0.0;0.0;5.0;2886.0476591146644;0.0;2.0;162.82745232423395;0.06906667959444994
jan-900527;0.0;0.0;0.0;0.0;0.0;0.0;0.0;0.0;0.0;0.0;0.0;0.0;0.0;0.0;0.0
jan-900528;0.0;0.0;0.0;0.0;0.0;0.0;0.0;0.0;0.0;1.0;533.1543733600715;0.0;0.0;0.0;0.0
jan-900529;0.0;0.0;0.0;0.0;0.0;0.0;0.0;0.0;0.0;0.0;0.0;0.0;0.0;0.0;0.0
jan-900530;0.0;0.0;0.0;0.0;0.0;0.0;0.0;0.0;0.0;0.0;0.0;0.0;0.0;0.0;0.0
jan-900531;0.0;0.0;0.0;0.0;0.0;0.0;0.0;0.0;0.0;36.0;19973.56962562265;0.0;5.0;207.39412817427666;0.03674556005771788
jan-900532;0.0;0.0;0.0;0.0;0.0;0.0;32.0;62.60881285165692;1201.9955111198406;24.0;811.4020711549014;0.0;4.0;550.3668933384093;0.06228910872186521
jan-900533;0.0;0.0;0.0;0.0;0.0;0.0;3.0;13.78063941083866;336.8975506988331;4.0;1819.5536386407691;0.0;0.0;0.0;0.0
jan-900534;0.0;0.0;0.0;0.0;0.0;0.0;0.0;0.0;0.0;5.0;1855.0360635508982;0.0;1.0;10.190524775978972;0.012475107922388044
jan-900535;0.0;0.0;0.0;0.0;0.0;0.0;0.0;0.0;0.0;104.0;5706.110024214299;0.0;2.0;149.60480204061662;0.05345149678513993
jan-900536;0.0;0.0;0.0;0.0;0.0;0.0;0.0;0.0;0.0;0.0;0.0;0.0;0.0;0.0;0.0
jan-900537;0.0;0.0;0.0;0.0;0.0;0.0;0.0;0.0;0.0;0.0;0.0;0.0;1.0;116.21682043336585;0.06123235493445047
jan-900538;0.0;0.0;0.0;0.0;0.0;0.0;26.0;154.19682002546747;2127.686663152979;21.0;11227.019735911586;0.0;4.0;295.4663786557633;0.05635173647991578
jan-900539;0.0;0.0;0.0;0.0;0.0;0.0;0.0;0.0;0.0;0.0;0.0;0.0;0.0;0.0;0.0
jan-900540;0.0;0.0;0.0;0.0;0.0;0.0;0.0;0.0;0.0;0.0;0.0;0.0;0.0;0.0;0.0
jan-900541;0.0;0.0;0.0;0.0;0.0;0.0;14.0;32.64408437931826;565.9656578516036;3.0;1551.3861213887342;0.0;3.0;313.66645255559706;0.0877206535739118
jan-900542;0.0;0.0;0.0;0.0;0.0;0.0;0.0;0.0;0.0;0.0;0.0;0.0;0.0;0.0;0.0
jan-900543;0.0;0.0;0.0;0.0;0.0;0.0;0.0;0.0;0.0;2.0;230.40380392284928;0.0;2.0;105.70918391220431;0.029773270447493772
jan-900544;0.0;0.0;0.0;0.0;0.0;0.0;0.0;0.0;0.0;0.0;0.0;0.0;0.0;0.0;0.0
jan-900545;0.0;0.0;0.0;0.0;0.0;0.0;3.0;12.444722390726472;160.20422579215074;0.0;0.0;0.0;1.0;88.57015402317701;0.0722011769728919
jan-900546;0.0;0.0;0.0;0.0;0.0;0.0;0.0;0.0;0.0;4.0;1195.5082162287615;0.0;8.0;457.61030208704125;0.05337982796055604
jan-900547;0.0;0.0;0.0;0.0;0.0;0.0;0.0;0.0;0.0;0.0;0.0;0.0;0.0;0.0;0.0
jan-900548;0.0;0.0;0.0;0.0;0.0;0.0;0.0;0.0;0.0;1.0;259.5351581931337;0.0;3.0;172.487826218259;0.06905190929995697
jan-900549;0.0;0.0;0.0;0.0;0.0;0.0;0.0;0.0;0.0;0.0;0.0;0.0;2.0;70.88371785863774;0.09018549253836436
jan-900550;0.0;0.0;0.0;0.0;0.0;0.0;0.0;0.0;0.0;1.0;381.0634822961485;0.0;0.0;0.0;0.0
jan-900551;0.0;0.0;0.0;0.0;0.0;0.0;6.0;38.614725621475095;362.89384803133225;0.0;0.0;0.0;2.0;67.60906599121431;0.0297616843638167
jan-900552;0.0;0.0;0.0;0.0;0.0;0.0;2.0;0.28964420856762657;2.8871265828499366;1.0;449.5616325222807;0.0;1.0;48.39529645145793;0.05264522445675728
jan-900553;0.0;0.0;0.0;0.0;0.0;0.0;0.0;0.0;0.0;24.0;11603.1511351972;0.0;10.0;495.68707150571856;0.04839915813412932
jan-900554;0.0;0.0;0.0;0.0;0.0;0.0;6.0;55.02323019582647;867.67287326551;47.0;4377.941947519888;0.0;2.0;460.4473936268803;0.1341644561736273
jan-900555;0.0;0.0;0.0;0.0;0.0;0.0;5.0;16.377426365477262;426.99730727007596;6.0;1818.6004449771967;0.0;0.0;0.0;0.0
jan-900556;0.0;0.0;0.0;0.0;0.0;0.0;0.0;0.0;0.0;0.0;0.0;0.0;0.0;0.0;0.0
jan-900557;0.0;0.0;0.0;0.0;0.0;0.0;37.0;195.22265174226928;2598.6340818576373;118.0;26116.717151443667;0.0;7.0;1285.8091539317397;0.10998848865285057
jan-900558;0.0;0.0;0.0;0.0;0.0;0.0;27.0;98.69462299322367;1567.8765393919507;60.0;12502.228247478715;0.0;3.0;437.6412408900993;0.0951852994213374
jan-900559;0.0;0.0;0.0;0.0;0.0;0.0;0.0;0.0;0.0;0.0;0.0;0.0;1.0;22.71209877792352;0.019221388795921154
jan-900560;0.0;0.0;0.0;0.0;0.0;0.0;17.0;126.81051673111752;2230.379251350138;4.0;2281.705017223278;0.0;9.0;1106.8547145825696;0.0634440162862163
jan-900561;0.0;0.0;0.0;0.0;0.0;0.0;0.0;0.0;0.0;1.0;606.9068282703564;0.0;3.0;176.0155626847741;0.03595218922104785
jan-900562;0.0;0.0;0.0;0.0;0.0;0.0;6.0;5.448622945351155;53.90092207496705;13.0;4432.4854659831235;0.0;4.0;237.21721252413272;0.041853506674920216
jan-900563;0.0;0.0;0.0;0.0;0.0;0.0;0.0;0.0;0.0;13.0;5441.231613898964;0.0;2.0;196.93510827928046;0.06696872044477119
jan-900564;0.0;0.0;0.0;0.0;0.0;0.0;0.0;0.0;0.0;0.0;0.0;0.0;0.0;0.0;0.0
jan-900565;0.0;0.0;0.0;0.0;0.0;0.0;0.0;0.0;0.0;0.0;0.0;0.0;0.0;0.0;0.0
jan-900566;0.0;0.0;0.0;0.0;0.0;0.0;29.0;170.89501263658613;2416.079551665502;44.0;14631.8070708023;0.0;3.0;331.927736137218;0.049605473164835955
jan-900567;0.0;0.0;0.0;1.0;0.0;0.0;0.0;0.0;0.0;6.0;649.6696676483734;0.0;10.0;813.6942838025752;0.061746201362564854
jan-900568;0.0;0.0;0.0;0.0;0.0;0.0;0.0;0.0;0.0;0.0;0.0;0.0;0.0;0.0;0.0
jan-900569;0.0;0.0;0.0;0.0;0.0;0.0;0.0;0.0;0.0;30.0;1822.2080195612525;0.0;1.0;30.459107863934886;0.021081054462021197
jan-900570;0.0;0.0;0.0;0.0;0.0;0.0;0.0;0.0;0.0;0.0;0.0;0.0;0.0;0.0;0.0
jan-900571;0.0;0.0;0.0;0.0;0.0;0.0;7.0;6.289891893930115;94.81924347787779;19.0;7946.662350382967;0.0;1.0;55.87734624038418;0.039193651199059765
jan-900572;0.0;0.0;0.0;0.0;0.0;0.0;0.0;0.0;0.0;3.0;102.91180731386525;0.0;1.0;70.6398491176412;0.04573729593099818
jan-900573;0.0;0.0;0.0;0.0;0.0;0.0;6.0;23.277516959552905;263.03894176300923;4.0;1386.674825866405;0.0;1.0;188.46393482902764;0.12051239545842726
jan-900574;0.0;0.0;0.0;0.0;0.0;0.0;0.0;0.0;0.0;0.0;0.0;0.0;0.0;0.0;0.0
jan-900575;0.0;0.0;0.0;0.0;0.0;0.0;0.0;0.0;0.0;0.0;0.0;0.0;1.0;101.01024176413465;0.08415174191989311
jan-900576;0.0;0.0;0.0;0.0;0.0;0.0;6.0;41.9988759758963;388.07979744283523;11.0;3357.171990226983;0.0;0.0;0.0;0.0
jan-900577;0.0;0.0;0.0;2.0;0.0;0.0;0.0;0.0;0.0;17.0;5573.858632707208;0.0;3.0;118.03639053987095;0.04022014785543927
jan-900578;0.0;0.0;0.0;0.0;0.0;0.0;0.0;0.0;0.0;0.0;0.0;0.0;7.0;576.1247615187735;0.06073324043815589
jan-900579;0.0;0.0;0.0;0.0;0.0;0.0;0.0;0.0;0.0;0.0;0.0;0.0;3.0;138.1593256584921;0.035583993490998146
jan-900580;0.0;0.0;0.0;0.0;0.0;0.0;0.0;0.0;0.0;8.0;99.43362047982338;0.0;3.0;515.2522952257161;0.09423576537812381
jan-900581;0.0;0.0;0.0;0.0;0.0;0.0;82.0;145.2604425341148;2371.313170423541;41.0;13592.943160637536;0.0;14.0;876.4055934429626;0.06110068495511776
jan-900582;0.0;0.0;0.0;0.0;0.0;0.0;0.0;0.0;0.0;0.0;0.0;0.0;2.0;72.79375735533092;0.0468189151368499
jan-900583;0.0;0.0;0.0;0.0;0.0;0.0;0.0;0.0;0.0;0.0;0.0;0.0;0.0;0.0;0.0
jan-900584;0.0;0.0;0.0;0.0;0.0;0.0;0.0;0.0;0.0;0.0;0.0;0.0;0.0;0.0;0.0
jan-900585;0.0;0.0;0.0;0.0;0.0;0.0;0.0;0.0;0.0;1.0;426.6470385163574;0.0;0.0;0.0;0.0
jan-900586;0.0;0.0;0.0;0.0;0.0;0.0;0.0;0.0;0.0;0.0;0.0;0.0;3.0;68.5811382201536;0.026328255778597962
jan-900587;0.0;0.0;0.0;1.0;0.0;0.0;20.0;117.95030492492319;1610.9554766753672;46.0;16806.118505310784;0.0;2.0;67.41985926366442;0.024153922908943956
jan-900588;0.0;0.0;0.0;0.0;0.0;0.0;0.0;0.0;0.0;0.0;0.0;0.0;0.0;0.0;0.0
jan-900589;0.0;0.0;0.0;0.0;0.0;0.0;0.0;0.0;0.0;5.0;3442.6204313974117;0.0;1.0;87.40183407240043;0.08091769485635875
jan-900590;0.0;0.0;0.0;0.0;0.0;0.0;0.0;0.0;0.0;0.0;0.0;0.0;0.0;0.0;0.0
jan-900591;0.0;0.0;0.0;0.0;0.0;0.0;0.0;0.0;0.0;0.0;0.0;0.0;3.0;268.5967606819496;0.06383925522120294
jan-900592;0.0;0.0;0.0;0.0;0.0;0.0;0.0;0.0;0.0;0.0;0.0;0.0;0.0;0.0;0.0
jan-900593;0.0;0.0;0.0;0.0;0.0;0.0;0.0;0.0;0.0;0.0;0.0;0.0;0.0;0.0;0.0
jan-900594;0.0;0.0;0.0;1.0;0.0;0.0;0.0;0.0;0.0;2.0;116.14364978634555;0.0;6.0;677.9728544107795;0.10275345223111795
jan-900595;0.0;0.0;0.0;0.0;0.0;0.0;0.0;0.0;0.0;0.0;0.0;0.0;0.0;0.0;0.0
jan-900596;0.0;0.0;0.0;0.0;0.0;0.0;0.0;0.0;0.0;4.0;15.862539375359486;0.0;3.0;107.37000005655162;0.031255634028184986
jan-900597;0.0;0.0;0.0;0.0;0.0;0.0;0.0;0.0;0.0;0.0;0.0;0.0;0.0;0.0;0.0
jan-900598;0.0;0.0;0.0;0.0;0.0;0.0;5.0;23.445077181723136;349.3935140625632;9.0;4079.0832752522983;0.0;2.0;257.63012809101457;0.09357911557953534
jan-900599;0.0;0.0;0.0;0.0;0.0;0.0;2.0;0.20308087270316152;1.7805950394139975;0.0;0.0;0.0;2.0;82.1644844261363;0.04289949493480204
jan-900600;0.0;0.0;0.0;0.0;0.0;0.0;0.0;0.0;0.0;0.0;0.0;0.0;0.0;0.0;0.0
jan-900601;0.0;0.0;0.0;0.0;0.0;0.0;0.0;0.0;0.0;0.0;0.0;0.0;0.0;0.0;0.0
jan-900602;0.0;0.0;0.0;0.0;0.0;0.0;0.0;0.0;0.0;0.0;0.0;0.0;0.0;0.0;0.0
jan-900603;0.0;0.0;0.0;0.0;0.0;0.0;2.0;2.4924289926842462;41.40607949578724;0.0;0.0;0.0;2.0;170.1189367226116;0.06534195977118468
jan-900604;0.0;0.0;0.0;0.0;0.0;0.0;0.0;0.0;0.0;1.0;39.7698208863893;0.0;2.0;108.83011156597468;0.08248034399714736
jan-900605;0.0;0.0;0.0;0.0;0.0;0.0;4.0;22.885268463628936;287.3550609115355;24.0;10442.79880755893;0.0;4.0;1623.8912500325819;0.2524239848478739
jan-900606;0.0;0.0;0.0;0.0;0.0;0.0;2.0;0.33649778403701186;4.8164723834116066;0.0;0.0;0.0;0.0;0.0;0.0
jan-900607;0.0;0.0;0.0;1.0;0.0;0.0;0.0;0.0;0.0;2.0;3.212612937339219;0.0;8.0;433.70328784966404;0.04671667797223315
jan-900608;0.0;0.0;0.0;0.0;0.0;0.0;15.0;47.76044179022834;539.2561716309531;1.0;444.56116266546366;0.0;6.0;499.4187176134584;0.07123106131911001
jan-900609;0.0;0.0;0.0;0.0;0.0;0.0;15.0;16.01245261984111;199.2827267154591;1.0;511.2430150905587;0.0;2.0;63.55950826282681;0.02850298490674395
jan-900610;0.0;0.0;0.0;0.0;0.0;0.0;0.0;0.0;0.0;0.0;0.0;0.0;10.0;810.9612383606584;0.07379344827573327
jan-900611;0.0;0.0;0.0;0.0;0.0;0.0;0.0;0.0;0.0;0.0;0.0;0.0;0.0;0.0;0.0
jan-900612;0.0;0.0;0.0;0.0;0.0;0.0;0.0;0.0;0.0;0.0;0.0;0.0;0.0;0.0;0.0
jan-900613;0.0;0.0;0.0;0.0;0.0;0.0;0.0;0.0;0.0;0.0;0.0;0.0;0.0;0.0;0.0
jan-900614;0.0;0.0;0.0;0.0;0.0;0.0;0.0;0.0;0.0;1.0;36.267900101706886;0.0;0.0;0.0;0.0
jan-900615;0.0;0.0;0.0;0.0;0.0;0.0;0.0;0.0;0.0;0.0;0.0;0.0;0.0;0.0;0.0
jan-900616;0.0;0.0;0.0;0.0;0.0;0.0;0.0;0.0;0.0;0.0;0.0;0.0;1.0;36.401865225979876;0.04202024971411616
jan-900617;0.0;0.0;0.0;0.0;0.0;0.0;0.0;0.0;0.0;8.0;2634.1793916339775;0.0;0.0;0.0;0.0
jan-900618;0.0;0.0;0.0;0.0;0.0;0.0;0.0;0.0;0.0;0.0;0.0;0.0;0.0;0.0;0.0
jan-900619;0.0;0.0;0.0;0.0;0.0;0.0;0.0;0.0;0.0;0.0;0.0;0.0;2.0;22.334425981524657;0.008920391132958911
jan-900620;0.0;0.0;0.0;0.0;0.0;0.0;0.0;0.0;0.0;3.0;584.9409642034077;0.0;2.0;127.5246880533979;0.05866206666403639
jan-900621;0.0;0.0;0.0;0.0;0.0;0.0;20.0;48.798479809602526;923.7582986307464;4.0;2062.4820748042384;0.0;10.0;925.7206300377126;0.05047287084664535
jan-900622;0.0;0.0;0.0;1.0;0.0;0.0;0.0;0.0;0.0;1.0;16.11836798604544;0.0;2.0;91.11294711119825;0.03459900599553893
jan-900623;0.0;0.0;0.0;0.0;0.0;0.0;63.0;336.44906312516736;5415.852201168246;94.0;49409.172578771766;0.0;11.0;779.8637062629633;0.0701277216144347
jan-900624;0.0;0.0;0.0;0.0;0.0;0.0;32.0;303.5614224031927;5730.0543717789915;142.0;17788.366138286143;0.0;6.0;775.6749180947947;0.07850492277063671
jan-900625;0.0;0.0;0.0;0.0;0.0;0.0;16.0;75.5513766314998;1777.66147831886;0.0;0.0;0.0;2.0;246.07013730568534;0.06339997027820653
jan-900626;0.0;0.0;0.0;0.0;0.0;0.0;0.0;0.0;0.0;0.0;0.0;0.0;1.0;52.08617989529207;0.08281847711448721
jan-900627;0.0;0.0;0.0;0.0;0.0;0.0;0.0;0.0;0.0;0.0;0.0;0.0;0.0;0.0;0.0
jan-900628;0.0;0.0;0.0;0.0;0.0;0.0;9.0;14.537831662986438;170.0503465568151;15.0;5117.691787472231;0.0;7.0;211.05002558581037;0.023604705501777904
jan-900629;0.0;0.0;0.0;0.0;0.0;0.0;0.0;0.0;0.0;0.0;0.0;0.0;0.0;0.0;0.0
jan-900630;0.0;0.0;0.0;0.0;0.0;0.0;0.0;0.0;0.0;0.0;0.0;0.0;0.0;0.0;0.0
jan-900631;0.0;0.0;0.0;1.0;0.0;0.0;4.0;9.83467414878963;216.86735968291828;2.0;861.3624251688426;0.0;4.0;281.0262110857882;0.04433548751819571
jan-900632;0.0;0.0;0.0;0.0;0.0;0.0;15.0;34.212125610941946;647.829325469066;0.0;0.0;0.0;0.0;0.0;0.0
jan-900633;0.0;0.0;0.0;0.0;0.0;0.0;0.0;0.0;0.0;0.0;0.0;0.0;0.0;0.0;0.0
jan-900634;0.0;0.0;0.0;0.0;0.0;0.0;8.0;59.006385553447664;1146.6266645814012;7.0;1770.9115959577691;0.0;12.0;1496.0980622455252;0.08474524587287874
jan-900635;0.0;0.0;0.0;0.0;0.0;0.0;11.0;22.540076067018703;440.27671144878633;4.0;81.42032837213327;0.0;7.0;480.1663747749755;0.05106555193738494
jan-900636;0.0;0.0;0.0;0.0;0.0;0.0;0.0;0.0;0.0;0.0;0.0;0.0;1.0;48.031671611728996;0.04559865148738749
jan-900637;0.0;0.0;0.0;0.0;0.0;0.0;0.0;0.0;0.0;0.0;0.0;0.0;0.0;0.0;0.0
jan-900638;0.0;0.0;0.0;0.0;0.0;0.0;0.0;0.0;0.0;11.0;3189.080151616722;0.0;1.0;199.5701750232747;0.09694986597182322
jan-900639;0.0;0.0;0.0;0.0;0.0;0.0;0.0;0.0;0.0;0.0;0.0;0.0;0.0;0.0;0.0
jan-900640;0.0;0.0;0.0;0.0;0.0;0.0;0.0;0.0;0.0;5.0;3134.231845596216;0.0;2.0;18.781379299141452;0.008768677127510638
jan-900641;0.0;0.0;0.0;0.0;0.0;0.0;0.0;0.0;0.0;0.0;0.0;0.0;0.0;0.0;0.0
jan-900642;0.0;0.0;0.0;0.0;0.0;0.0;0.0;0.0;0.0;0.0;0.0;0.0;0.0;0.0;0.0
jan-900643;0.0;0.0;0.0;0.0;0.0;0.0;57.0;467.3147189791559;6017.147546098476;52.0;20785.06557763951;0.0;8.0;569.7236702867456;0.06727099449449667
jan-900644;0.0;0.0;0.0;0.0;0.0;0.0;26.0;169.82237164283666;4038.169603849553;3.0;81.12803900352435;0.0;2.0;276.1241348956981;0.06667560374827972
jan-900645;0.0;0.0;0.0;0.0;0.0;0.0;0.0;0.0;0.0;0.0;0.0;0.0;0.0;0.0;0.0
jan-900646;0.0;0.0;0.0;0.0;0.0;0.0;0.0;0.0;0.0;0.0;0.0;0.0;0.0;0.0;0.0
jan-900647;0.0;0.0;0.0;0.0;0.0;0.0;0.0;0.0;0.0;2.0;759.1323623745413;0.0;1.0;90.28069284933333;0.060037188109476336
jan-900648;0.0;0.0;0.0;0.0;0.0;0.0;15.0;50.94014917338777;557.7464291095657;7.0;4171.014657172069;0.0;2.0;203.76210941572862;0.08570183012262414
jan-900649;0.0;0.0;0.0;0.0;0.0;0.0;2.0;4.983537639216622;51.72648373693566;0.0;0.0;0.0;2.0;94.60565937164891;0.04147581804102334
jan-900650;0.0;0.0;0.0;0.0;0.0;0.0;27.0;52.32748526470175;421.3400867327721;2.0;611.7211231025717;0.0;2.0;85.91689357141641;0.038471440705757316
jan-900651;0.0;0.0;0.0;0.0;0.0;0.0;0.0;0.0;0.0;0.0;0.0;0.0;0.0;0.0;0.0
jan-900652;0.0;0.0;0.0;0.0;0.0;0.0;0.0;0.0;0.0;0.0;0.0;0.0;0.0;0.0;0.0
jan-900653;0.0;0.0;0.0;1.0;0.0;0.0;0.0;0.0;0.0;2.0;461.7680927612712;0.0;4.0;240.17311136392755;0.039161001346441064
jan-900654;0.0;0.0;0.0;0.0;0.0;0.0;0.0;0.0;0.0;0.0;0.0;0.0;2.0;169.50482422083118;0.039847385309998595
jan-900655;0.0;0.0;0.0;0.0;0.0;0.0;3.0;15.152159845638158;146.46630276320207;0.0;0.0;0.0;0.0;0.0;0.0
jan-900656;0.0;0.0;0.0;0.0;0.0;0.0;0.0;0.0;0.0;0.0;0.0;0.0;3.0;183.55809525992862;0.047206875107512404
jan-900657;0.0;0.0;0.0;0.0;0.0;0.0;10.0;90.03212299546927;1961.4085179420824;73.0;13926.5495783963;0.0;7.0;699.5228981061599;0.05095157525387172
jan-900658;0.0;0.0;0.0;0.0;0.0;0.0;0.0;0.0;0.0;3.0;171.20986785829402;0.0;1.0;156.31855057428214;0.11287783999883236
jan-900659;0.0;0.0;0.0;0.0;0.0;0.0;0.0;0.0;0.0;2.0;1013.5355588536828;0.0;3.0;107.26651841439569;0.03414481967621046
jan-900660;0.0;0.0;0.0;0.0;0.0;0.0;0.0;0.0;0.0;7.0;1705.1152348262651;0.0;2.0;139.4144320686109;0.05557884625540138
jan-900661;0.0;0.0;0.0;0.0;0.0;0.0;62.0;264.4932349583182;4177.737798709487;50.0;25534.49269803666;0.0;10.0;729.3244682033451;0.04734095590233912
jan-900662;0.0;0.0;0.0;0.0;0.0;0.0;0.0;0.0;0.0;2.0;172.64473332375857;0.0;0.0;0.0;0.0
jan-900663;0.0;0.0;0.0;0.0;0.0;0.0;2.0;1.3138684079767802;28.122603907629056;0.0;0.0;0.0;0.0;0.0;0.0
jan-900664;0.0;0.0;0.0;0.0;0.0;0.0;0.0;0.0;0.0;0.0;0.0;0.0;0.0;0.0;0.0
jan-900665;0.0;0.0;0.0;0.0;0.0;0.0;0.0;0.0;0.0;2.0;38.99502842302945;0.0;1.0;58.17871262295599;0.048008115728149066
jan-900666;0.0;0.0;0.0;0.0;0.0;0.0;0.0;0.0;0.0;0.0;0.0;0.0;0.0;0.0;0.0
jan-900667;0.0;0.0;0.0;0.0;0.0;0.0;0.0;0.0;0.0;0.0;0.0;0.0;0.0;0.0;0.0
jan-900668;0.0;0.0;0.0;0.0;0.0;0.0;0.0;0.0;0.0;0.0;0.0;0.0;0.0;0.0;0.0
jan-900669;0.0;0.0;0.0;0.0;0.0;0.0;0.0;0.0;0.0;0.0;0.0;0.0;1.0;71.56638097082548;0.05451267196394671
jan-900670;0.0;0.0;0.0;0.0;0.0;0.0;46.0;152.8164511208981;2176.098284354405;29.0;4314.72872372897;0.0;6.0;469.38897116821215;0.0626462679615818
jan-900671;0.0;0.0;0.0;0.0;0.0;0.0;0.0;0.0;0.0;0.0;0.0;0.0;0.0;0.0;0.0
jan-900672;0.0;0.0;0.0;0.0;0.0;0.0;0.0;0.0;0.0;0.0;0.0;0.0;0.0;0.0;0.0
jan-900673;0.0;0.0;0.0;0.0;0.0;0.0;0.0;0.0;0.0;0.0;0.0;0.0;0.0;0.0;0.0
jan-900674;0.0;0.0;0.0;0.0;0.0;0.0;0.0;0.0;0.0;1.0;27.171874138918906;0.0;0.0;0.0;0.0
jan-900675;0.0;0.0;0.0;0.0;0.0;0.0;0.0;0.0;0.0;3.0;1530.4373432629252;0.0;0.0;0.0;0.0
jan-900676;0.0;0.0;0.0;0.0;0.0;0.0;0.0;0.0;0.0;0.0;0.0;0.0;0.0;0.0;0.0
jan-900677;0.0;0.0;0.0;1.0;0.0;0.0;0.0;0.0;0.0;3.0;1183.19975281872;0.0;2.0;101.78397612510801;0.03935708986576328
jan-900678;0.0;0.0;0.0;0.0;0.0;0.0;0.0;0.0;0.0;0.0;0.0;0.0;0.0;0.0;0.0
jan-900679;0.0;0.0;0.0;0.0;0.0;0.0;6.0;35.94643365676832;350.724001986677;2.0;622.3014328167817;0.0;1.0;54.951839569893195;0.041422800368829754
jan-900680;0.0;0.0;0.0;0.0;0.0;0.0;0.0;0.0;0.0;0.0;0.0;0.0;0.0;0.0;0.0
jan-900681;0.0;0.0;0.0;0.0;0.0;0.0;0.0;0.0;0.0;16.0;3388.261967764766;0.0;4.0;555.39477147817;0.1213562373367528
jan-900682;0.0;0.0;0.0;0.0;0.0;0.0;0.0;0.0;0.0;0.0;0.0;0.0;0.0;0.0;0.0
jan-900683;0.0;0.0;0.0;0.0;0.0;0.0;0.0;0.0;0.0;0.0;0.0;0.0;1.0;224.0080113725401;0.19843734835189808
jan-900684;0.0;0.0;0.0;0.0;0.0;0.0;9.0;143.27289377790814;2548.2094940691086;4.0;152.02828107592782;0.0;14.0;1232.5257525022953;0.048021725792949624
jan-900685;0.0;0.0;0.0;1.0;0.0;0.0;0.0;0.0;0.0;9.0;3842.938242831235;0.0;2.0;95.3564397806538;0.04587265074941393
jan-900686;0.0;0.0;0.0;0.0;0.0;0.0;0.0;0.0;0.0;0.0;0.0;0.0;0.0;0.0;0.0
jan-900687;0.0;0.0;0.0;0.0;0.0;0.0;0.0;0.0;0.0;1.0;344.4234653455598;0.0;1.0;22.917822297944838;0.020675258712134884
jan-900688;0.0;0.0;0.0;0.0;0.0;0.0;0.0;0.0;0.0;14.0;2456.8224137180027;0.0;2.0;53.25038103895009;0.019246541048185056
jan-900689;0.0;0.0;0.0;0.0;0.0;0.0;0.0;0.0;0.0;0.0;0.0;0.0;0.0;0.0;0.0
jan-900690;0.0;0.0;0.0;0.0;0.0;0.0;2.0;7.170874159693825;108.83067436903976;1.0;382.5903076471378;0.0;1.0;91.98553055085344;0.06711905123773368
jan-900691;0.0;0.0;0.0;0.0;0.0;0.0;0.0;0.0;0.0;0.0;0.0;0.0;0.0;0.0;0.0
jan-900692;0.0;0.0;0.0;0.0;0.0;0.0;0.0;0.0;0.0;0.0;0.0;0.0;0.0;0.0;0.0
jan-900693;0.0;0.0;0.0;0.0;0.0;0.0;0.0;0.0;0.0;0.0;0.0;0.0;7.0;561.54936626559;0.04188648458168859
jan-900694;0.0;0.0;0.0;0.0;0.0;0.0;10.0;23.923245037336816;262.582456122156;0.0;0.0;0.0;1.0;60.970635461015235;0.03544360477969701
jan-900695;0.0;0.0;0.0;0.0;0.0;0.0;0.0;0.0;0.0;0.0;0.0;0.0;0.0;0.0;0.0
jan-900696;0.0;0.0;0.0;0.0;0.0;0.0;15.0;147.4912162803821;1790.3869414347682;30.0;15401.186271317198;0.0;11.0;904.4803730886871;0.06605953443926907
jan-900697;0.0;0.0;0.0;0.0;0.0;0.0;0.0;0.0;0.0;40.0;1445.240569442541;0.0;4.0;197.11222988642578;0.040795590738300934
jan-900698;0.0;0.0;0.0;0.0;0.0;0.0;0.0;0.0;0.0;0.0;0.0;0.0;0.0;0.0;0.0
jan-900699;0.0;0.0;0.0;0.0;0.0;0.0;19.0;78.64427071602333;851.4507554645309;17.0;7315.367996938022;0.0;4.0;409.97376688115867;0.08150715245959532
jan-900700;0.0;0.0;0.0;0.0;0.0;0.0;8.0;9.90327566284559;206.8081070287112;12.0;3701.1014355642164;0.0;7.0;364.63449776250013;0.05311579954200377
jan-900701;0.0;0.0;0.0;3.0;1.0;2.031527532170191;2.0;2.8120927296813103;43.58167521694243;0.0;0.0;0.0;5.0;383.81542993548754;0.055810020153472584
jan-900702;0.0;0.0;0.0;0.0;0.0;0.0;0.0;0.0;0.0;1.0;-379.63280127885383;0.0;1.0;88.74021122005607;0.0909124793443737
jan-900703;0.0;0.0;0.0;0.0;0.0;0.0;2.0;0.4871385252311427;5.7413445989335665;5.0;1974.1888576461547;0.0;0.0;0.0;0.0
jan-900704;0.0;0.0;0.0;0.0;0.0;0.0;16.0;75.20473099078981;876.0648857618481;30.0;8730.698917381249;0.0;4.0;312.827366091817;0.058961326053058705
jan-900705;0.0;0.0;0.0;0.0;0.0;0.0;0.0;0.0;0.0;31.0;10458.480948412727;0.0;3.0;226.26888586301206;0.07476307259196528
jan-900706;0.0;0.0;0.0;0.0;0.0;0.0;6.0;34.37803571466715;474.19474266235574;2.0;200.2040262407214;0.0;0.0;0.0;0.0
jan-900707;0.0;0.0;0.0;0.0;0.0;0.0;0.0;0.0;0.0;4.0;248.2383591949181;0.0;1.0;27.49125455735049;0.02246901041639747
jan-900708;0.0;0.0;0.0;0.0;0.0;0.0;5.0;16.34556288485309;292.80281577240186;9.0;2749.076319188261;0.0;0.0;0.0;0.0
jan-900709;0.0;0.0;0.0;0.0;0.0;0.0;2.0;11.802274378888432;156.877305605752;4.0;626.3358612372435;0.0;0.0;0.0;0.0
jan-900710;0.0;0.0;0.0;0.0;0.0;0.0;0.0;0.0;0.0;0.0;0.0;0.0;0.0;0.0;0.0
jan-900711;0.0;0.0;0.0;0.0;0.0;0.0;0.0;0.0;0.0;0.0;0.0;0.0;0.0;0.0;0.0
jan-900712;0.0;0.0;0.0;0.0;0.0;0.0;0.0;0.0;0.0;0.0;0.0;0.0;0.0;0.0;0.0
jan-900713;0.0;0.0;0.0;0.0;0.0;0.0;0.0;0.0;0.0;0.0;0.0;0.0;0.0;0.0;0.0
jan-900714;0.0;0.0;0.0;0.0;0.0;0.0;0.0;0.0;0.0;0.0;0.0;0.0;0.0;0.0;0.0
jan-900715;0.0;0.0;0.0;0.0;0.0;0.0;0.0;0.0;0.0;0.0;0.0;0.0;0.0;0.0;0.0
jan-900716;0.0;0.0;0.0;0.0;0.0;0.0;0.0;0.0;0.0;2.0;40.75354753100588;0.0;3.0;342.0326117519236;0.06692305712880553
jan-900717;0.0;0.0;0.0;0.0;0.0;0.0;2.0;2.1081398494823795;34.73870509363253;1.0;335.48288839924675;0.0;1.0;90.23850393657112;0.0650675361513417
jan-900718;0.0;0.0;0.0;0.0;0.0;0.0;0.0;0.0;0.0;0.0;0.0;0.0;0.0;0.0;0.0
jan-900719;0.0;0.0;0.0;0.0;0.0;0.0;0.0;0.0;0.0;0.0;0.0;0.0;0.0;0.0;0.0
jan-900720;0.0;0.0;0.0;1.0;1.0;2.2180906659784716;2.0;0.13972778521860227;1.8331830584660427;3.0;1064.4669689384134;0.0;2.0;197.8693439027046;0.09047722769322522
jan-900721;0.0;0.0;0.0;0.0;0.0;0.0;4.0;4.535460008226421;101.87124423500555;3.0;252.846380817534;0.0;0.0;0.0;0.0
jan-900722;0.0;0.0;0.0;0.0;0.0;0.0;0.0;0.0;0.0;1.0;290.46168649208784;0.0;4.0;254.31255561109967;0.053492737957342266
jan-900723;0.0;0.0;0.0;0.0;0.0;0.0;0.0;0.0;0.0;4.0;1710.9992884962755;0.0;1.0;110.04672011194204;0.07297593200823164
jan-900724;0.0;0.0;0.0;0.0;0.0;0.0;0.0;0.0;0.0;0.0;0.0;0.0;3.0;260.0606514057647;0.0798439131161452
jan-900725;0.0;0.0;0.0;0.0;0.0;0.0;0.0;0.0;0.0;0.0;0.0;0.0;1.0;40.45388274317431;0.025625133698222342
jan-900726;0.0;0.0;0.0;0.0;0.0;0.0;2.0;0.34509631008375424;5.54390371204098;0.0;0.0;0.0;6.0;802.5602029172567;0.0912711834445255
jan-900727;0.0;0.0;0.0;0.0;0.0;0.0;39.0;610.1287462534475;15837.642570495567;100.0;9307.723274874523;0.0;7.0;709.6787662221271;0.062312582956786156
jan-900728;0.0;0.0;0.0;0.0;0.0;0.0;4.0;18.150347368263695;468.50520014158354;3.0;1044.475273353984;0.0;0.0;0.0;0.0
jan-900729;0.0;0.0;0.0;0.0;0.0;0.0;0.0;0.0;0.0;0.0;0.0;0.0;0.0;0.0;0.0
jan-900730;0.0;0.0;0.0;0.0;0.0;0.0;9.0;29.775470082845384;199.21880012148964;3.0;1047.1147311284324;0.0;4.0;219.3951706174079;0.0446536346030671
jan-900731;0.0;0.0;0.0;0.0;0.0;0.0;0.0;0.0;0.0;20.0;236.156065147646;0.0;9.0;610.1676898857052;0.05236723721944465
jan-900732;0.0;0.0;0.0;0.0;0.0;0.0;0.0;0.0;0.0;0.0;0.0;0.0;0.0;0.0;0.0
jan-900733;0.0;0.0;0.0;0.0;0.0;0.0;0.0;0.0;0.0;3.0;416.65031241273573;0.0;3.0;233.51693086863014;0.05872773874142529
jan-900734;0.0;0.0;0.0;0.0;0.0;0.0;23.0;56.4397014554208;966.2848847810856;14.0;4883.032820457896;0.0;3.0;410.0046706027341;0.08271037559793368
jan-900735;0.0;0.0;0.0;0.0;0.0;0.0;0.0;0.0;0.0;0.0;0.0;0.0;0.0;0.0;0.0
jan-900736;0.0;0.0;0.0;0.0;0.0;0.0;9.0;64.68907066591424;984.8121531236571;12.0;5197.772950405808;0.0;2.0;268.45940683103646;0.0748126684988643
jan-900737;0.0;0.0;0.0;0.0;0.0;0.0;0.0;0.0;0.0;0.0;0.0;0.0;0.0;0.0;0.0
jan-900738;0.0;0.0;0.0;0.0;0.0;0.0;12.0;34.90765783011708;346.38662991192587;0.0;0.0;0.0;1.0;70.95457951648908;0.04343022430109697
jan-900739;0.0;0.0;0.0;0.0;0.0;0.0;0.0;0.0;0.0;4.0;2385.7552699254366;0.0;1.0;113.60149182215177;0.07719298542255947
jan-900740;0.0;0.0;0.0;0.0;0.0;0.0;0.0;0.0;0.0;0.0;0.0;0.0;0.0;0.0;0.0
jan-900741;0.0;0.0;0.0;0.0;0.0;0.0;0.0;0.0;0.0;0.0;0.0;0.0;0.0;0.0;0.0
jan-900742;0.0;0.0;0.0;0.0;0.0;0.0;0.0;0.0;0.0;28.0;5202.031191265273;0.0;5.0;468.355199050809;0.06623846835931528
jan-900743;0.0;0.0;0.0;0.0;0.0;0.0;0.0;0.0;0.0;4.0;3415.0490755780706;0.0;2.0;128.08696884442742;0.06924078998104775
jan-900744;0.0;0.0;0.0;0.0;0.0;0.0;21.0;40.58474726239011;350.0539101450945;14.0;3343.211792316214;0.0;4.0;445.6775102152502;0.08596579017089456
jan-900745;0.0;0.0;0.0;0.0;0.0;0.0;0.0;0.0;0.0;4.0;1461.0782708004622;0.0;2.0;104.43949173083854;0.03648348684032477
jan-900746;0.0;0.0;0.0;0.0;0.0;0.0;2.0;0.21301013842225128;3.90786960437101;0.0;0.0;0.0;5.0;606.0218433022213;0.10217175974259636
jan-900747;0.0;0.0;0.0;0.0;0.0;0.0;0.0;0.0;0.0;1.0;559.5023609394392;0.0;0.0;0.0;0.0
jan-900748;0.0;0.0;0.0;0.0;0.0;0.0;7.0;105.02363357588733;1500.8448193483487;23.0;178.96981095010798;0.0;1.0;71.24642544719156;0.03230268320329853
jan-900749;0.0;0.0;0.0;0.0;0.0;0.0;0.0;0.0;0.0;0.0;0.0;0.0;0.0;0.0;0.0
jan-900750;0.0;0.0;0.0;0.0;0.0;0.0;0.0;0.0;0.0;0.0;0.0;0.0;0.0;0.0;0.0
jan-900751;0.0;0.0;0.0;0.0;0.0;0.0;6.0;13.259258545244657;125.73338852024887;0.0;0.0;0.0;1.0;39.12707082554057;0.022417499847667843
jan-900752;0.0;0.0;0.0;0.0;0.0;0.0;0.0;0.0;0.0;15.0;8209.846218914172;0.0;1.0;27.902164515477054;0.02131761829640285
jan-900753;0.0;0.0;0.0;0.0;0.0;0.0;0.0;0.0;0.0;0.0;0.0;0.0;1.0;330.3094549046462;0.21734683591157863
jan-900754;0.0;0.0;0.0;0.0;0.0;0.0;0.0;0.0;0.0;0.0;0.0;0.0;0.0;0.0;0.0
jan-900755;0.0;0.0;0.0;0.0;0.0;0.0;38.0;291.810516952429;4282.302801385353;23.0;11588.953232689626;0.0;2.0;234.7385576185558;0.07543948122649412
jan-900756;0.0;0.0;0.0;0.0;0.0;0.0;0.0;0.0;0.0;0.0;0.0;0.0;2.0;107.32197215087244;0.04792705164521681
jan-900757;0.0;0.0;0.0;0.0;0.0;0.0;0.0;0.0;0.0;0.0;0.0;0.0;0.0;0.0;0.0
jan-900758;0.0;0.0;0.0;0.0;0.0;0.0;0.0;0.0;0.0;0.0;0.0;0.0;0.0;0.0;0.0
jan-900759;0.0;0.0;0.0;6.0;0.0;0.0;0.0;0.0;0.0;19.0;8040.569858221904;0.0;7.0;588.6448882762448;0.054505299541756834
jan-900760;0.0;0.0;0.0;0.0;0.0;0.0;0.0;0.0;0.0;0.0;0.0;0.0;1.0;48.512627931109556;0.03975486976983733
jan-900761;0.0;0.0;0.0;0.0;0.0;0.0;0.0;0.0;0.0;0.0;0.0;0.0;0.0;0.0;0.0
jan-900762;0.0;0.0;0.0;0.0;0.0;0.0;0.0;0.0;0.0;0.0;0.0;0.0;1.0;9.062551908284993;0.01638977145104648
jan-900763;0.0;0.0;0.0;0.0;0.0;0.0;4.0;25.136363991400618;295.18759351929003;2.0;688.0818666809738;0.0;4.0;173.29873756099622;0.02894465838703912
jan-900764;0.0;0.0;0.0;0.0;0.0;0.0;0.0;0.0;0.0;0.0;0.0;0.0;0.0;0.0;0.0
jan-900765;0.0;0.0;0.0;0.0;0.0;0.0;0.0;0.0;0.0;0.0;0.0;0.0;0.0;0.0;0.0
jan-900766;0.0;0.0;0.0;0.0;0.0;0.0;0.0;0.0;0.0;55.0;3247.4458360181284;0.0;8.0;935.9185153617437;0.07621486067335632
jan-900767;0.0;0.0;0.0;0.0;0.0;0.0;0.0;0.0;0.0;0.0;0.0;0.0;0.0;0.0;0.0
jan-900768;0.0;0.0;0.0;0.0;0.0;0.0;0.0;0.0;0.0;1.0;224.1712297061015;0.0;3.0;153.45770655157702;0.04306706372387274
jan-900769;0.0;0.0;0.0;0.0;0.0;0.0;0.0;0.0;0.0;0.0;0.0;0.0;0.0;0.0;0.0
jan-900770;0.0;0.0;0.0;0.0;0.0;0.0;0.0;0.0;0.0;1.0;62.6908433992655;0.0;2.0;333.6948386697029;0.15542358534857093
jan-900771;0.0;0.0;0.0;0.0;0.0;0.0;0.0;0.0;0.0;0.0;0.0;0.0;4.0;266.15368384360687;0.04859662328705113
jan-900772;0.0;0.0;0.0;0.0;0.0;0.0;0.0;0.0;0.0;0.0;0.0;0.0;0.0;0.0;0.0
jan-900773;0.0;0.0;0.0;0.0;0.0;0.0;0.0;0.0;0.0;0.0;0.0;0.0;6.0;419.92233964372684;0.06213529681399695
jan-900774;0.0;0.0;0.0;0.0;0.0;0.0;11.0;28.353496860449955;288.8267424223864;4.0;1968.6602432865168;0.0;1.0;157.94015379902763;0.11696540435524579
jan-900775;0.0;0.0;0.0;0.0;0.0;0.0;0.0;0.0;0.0;1.0;71.27394078037807;0.0;3.0;135.10221883095235;0.04115789562401315
jan-900776;0.0;0.0;0.0;0.0;0.0;0.0;0.0;0.0;0.0;0.0;0.0;0.0;1.0;167.78289869010752;0.13521759717554593
jan-900777;0.0;0.0;0.0;0.0;0.0;0.0;0.0;0.0;0.0;7.0;1689.23405594884;0.0;1.0;24.485391754864228;0.020309347345151232
jan-900778;0.0;0.0;0.0;0.0;0.0;0.0;0.0;0.0;0.0;0.0;0.0;0.0;0.0;0.0;0.0
jan-900779;0.0;0.0;0.0;0.0;0.0;0.0;0.0;0.0;0.0;19.0;7703.767434149099;0.0;3.0;201.6353022783649;0.04091657913149873
jan-900780;0.0;0.0;0.0;0.0;0.0;0.0;0.0;0.0;0.0;0.0;0.0;0.0;0.0;0.0;0.0
jan-900781;0.0;0.0;0.0;0.0;0.0;0.0;35.0;104.01702896245669;1085.2790347852115;7.0;3909.6093713131413;0.0;5.0;172.44025485942393;0.0283708549223887
jan-900782;0.0;0.0;0.0;0.0;0.0;0.0;0.0;0.0;0.0;1.0;464.06994516771437;0.0;2.0;74.94692054777583;0.039089761649958185
jan-900783;0.0;0.0;0.0;0.0;0.0;0.0;0.0;0.0;0.0;3.0;299.5570796221236;0.0;2.0;91.49907963188706;0.027063685672892336
jan-900784;0.0;0.0;0.0;0.0;0.0;0.0;0.0;0.0;0.0;0.0;0.0;0.0;0.0;0.0;0.0
jan-900785;0.0;0.0;0.0;0.0;0.0;0.0;0.0;0.0;0.0;0.0;0.0;0.0;12.0;659.6318412925043;0.06152445298126389
jan-900786;0.0;0.0;0.0;1.0;0.0;0.0;6.0;26.222922726457906;249.43127904908798;38.0;12020.420614304378;0.0;4.0;229.70547138668204;0.03304541068090667
jan-900787;0.0;0.0;0.0;0.0;0.0;0.0;29.0;27.88255755765744;392.65725018191836;4.0;934.5356051084736;0.0;10.0;576.281297866266;0.046075883092034836
jan-900788;0.0;0.0;0.0;0.0;0.0;0.0;0.0;0.0;0.0;0.0;0.0;0.0;0.0;0.0;0.0
jan-900789;0.0;0.0;0.0;0.0;0.0;0.0;0.0;0.0;0.0;0.0;0.0;0.0;0.0;0.0;0.0
jan-900790;0.0;0.0;0.0;0.0;0.0;0.0;0.0;0.0;0.0;0.0;0.0;0.0;0.0;0.0;0.0
jan-900791;0.0;0.0;0.0;0.0;0.0;0.0;0.0;0.0;0.0;0.0;0.0;0.0;0.0;0.0;0.0
jan-900792;0.0;0.0;0.0;0.0;0.0;0.0;0.0;0.0;0.0;26.0;5653.680751243928;0.0;1.0;165.61998642128938;0.08812330858722053
jan-900793;0.0;0.0;0.0;0.0;0.0;0.0;0.0;0.0;0.0;0.0;0.0;0.0;2.0;235.37594408321652;0.08082378852482783
jan-900794;0.0;0.0;0.0;0.0;0.0;0.0;0.0;0.0;0.0;0.0;0.0;0.0;0.0;0.0;0.0
jan-900795;0.0;0.0;0.0;1.0;0.0;0.0;0.0;0.0;0.0;5.0;3189.8756710114153;0.0;2.0;190.32037859944313;0.06086338100467141
jan-900796;0.0;0.0;0.0;0.0;0.0;0.0;0.0;0.0;0.0;0.0;0.0;0.0;0.0;0.0;0.0
jan-900797;0.0;0.0;0.0;0.0;0.0;0.0;0.0;0.0;0.0;76.0;35557.44066217725;0.0;4.0;390.55660702193205;0.052295384231544555
jan-900798;0.0;0.0;0.0;0.0;0.0;0.0;2.0;8.204896580097012;118.82549727760143;3.0;1528.2745943637553;0.0;2.0;158.49423371875795;0.05358751354973786
jan-900799;0.0;0.0;0.0;0.0;0.0;0.0;2.0;10.233081493862638;11.250646539456769;1.0;469.26424457769957;0.0;1.0;125.45335374525104;0.09673347570959283
jan-900800;0.0;0.0;0.0;0.0;0.0;0.0;0.0;0.0;0.0;0.0;0.0;0.0;0.0;0.0;0.0
jan-900801;0.0;0.0;0.0;0.0;0.0;0.0;0.0;0.0;0.0;0.0;0.0;0.0;0.0;0.0;0.0
jan-900802;0.0;0.0;0.0;0.0;0.0;0.0;0.0;0.0;0.0;0.0;0.0;0.0;0.0;0.0;0.0
jan-900803;0.0;0.0;0.0;0.0;0.0;0.0;4.0;11.460802591789573;157.2578208857321;55.0;2502.5434354323515;0.0;0.0;0.0;0.0
jan-900804;0.0;0.0;0.0;0.0;0.0;0.0;0.0;0.0;0.0;1.0;6.417975577432637;0.0;1.0;121.46819059082013;0.10122139391615147
jan-900805;0.0;0.0;0.0;0.0;0.0;0.0;12.0;66.63839349278418;698.5641634595374;0.0;0.0;0.0;6.0;404.30731585855557;0.05740497638705416
jan-900806;0.0;0.0;0.0;0.0;0.0;0.0;0.0;0.0;0.0;0.0;0.0;0.0;0.0;0.0;0.0
jan-900807;0.0;0.0;0.0;0.0;0.0;0.0;0.0;0.0;0.0;0.0;0.0;0.0;0.0;0.0;0.0
jan-900808;0.0;0.0;0.0;0.0;0.0;0.0;0.0;0.0;0.0;0.0;0.0;0.0;0.0;0.0;0.0
jan-900809;0.0;0.0;0.0;0.0;0.0;0.0;44.0;30.63888686085801;547.0812644105126;16.0;7690.175539473125;0.0;7.0;561.5923147404219;0.04892466701056804
jan-900810;0.0;0.0;0.0;0.0;0.0;0.0;0.0;0.0;0.0;0.0;0.0;0.0;5.0;378.87137377496333;0.06741055801864092
jan-900811;0.0;0.0;0.0;0.0;0.0;0.0;0.0;0.0;0.0;0.0;0.0;0.0;0.0;0.0;0.0
jan-900812;0.0;0.0;0.0;0.0;0.0;0.0;0.0;0.0;0.0;0.0;0.0;0.0;0.0;0.0;0.0
jan-900813;0.0;0.0;0.0;0.0;0.0;0.0;0.0;0.0;0.0;1.0;307.7077336016779;0.0;1.0;3.5605018630974645;0.0021266428871291434
jan-900814;0.0;0.0;0.0;1.0;0.0;0.0;0.0;0.0;0.0;5.0;1656.49520801112;0.0;2.0;84.41829285353158;0.03581095181693112
jan-900815;0.0;0.0;0.0;0.0;0.0;0.0;0.0;0.0;0.0;0.0;0.0;0.0;0.0;0.0;0.0
jan-900816;0.0;0.0;0.0;0.0;0.0;0.0;0.0;0.0;0.0;0.0;0.0;0.0;1.0;52.425119413733995;0.0561017792627414
jan-900817;0.0;0.0;0.0;0.0;0.0;0.0;7.0;12.68725856140073;111.03460926221857;6.0;1869.7582499748828;0.0;2.0;162.97779814160572;0.07537198996144563
jan-900818;0.0;0.0;0.0;0.0;0.0;0.0;0.0;0.0;0.0;0.0;0.0;0.0;0.0;0.0;0.0
jan-900819;0.0;0.0;0.0;1.0;0.0;0.0;0.0;0.0;0.0;41.0;14553.766763815176;0.0;3.0;409.6693418182071;0.05203269177933727
jan-900820;0.0;0.0;0.0;0.0;0.0;0.0;0.0;0.0;0.0;0.0;0.0;0.0;1.0;53.07908799654417;0.07629192688140878
jan-900821;0.0;0.0;0.0;0.0;0.0;0.0;10.0;67.10227254593865;1749.6073080655442;1.0;462.72630208778884;0.0;3.0;356.11621816339874;0.04651903043170149
jan-900822;0.0;0.0;0.0;0.0;0.0;0.0;0.0;0.0;0.0;0.0;0.0;0.0;0.0;0.0;0.0
jan-900823;0.0;0.0;0.0;0.0;0.0;0.0;7.0;15.304552950012232;257.1966928222653;1.0;432.3977285806201;0.0;1.0;4.105857889246378;0.002406302952817036
jan-900824;0.0;0.0;0.0;0.0;0.0;0.0;0.0;0.0;0.0;0.0;0.0;0.0;4.0;251.83064009134077;0.061811088012868616
jan-900825;0.0;0.0;0.0;0.0;0.0;0.0;0.0;0.0;0.0;0.0;0.0;0.0;6.0;385.64902347030306;0.06072057151031662
jan-900826;0.0;0.0;0.0;0.0;0.0;0.0;2.0;4.884458032051247;75.29352199623857;2.0;645.5407300914414;0.0;1.0;23.87136209718471;0.022577019833702687
jan-900827;0.0;0.0;0.0;0.0;0.0;0.0;4.0;36.936085965020226;343.11415835160113;0.0;0.0;0.0;0.0;0.0;0.0
jan-900828;0.0;0.0;0.0;0.0;0.0;0.0;0.0;0.0;0.0;0.0;0.0;0.0;0.0;0.0;0.0
jan-900829;0.0;0.0;0.0;0.0;0.0;0.0;10.0;138.6522415461533;1782.760759974898;132.0;4744.96914200263;0.0;1.0;52.31190905198951;0.03174916127373508
jan-900830;0.0;0.0;0.0;0.0;0.0;0.0;7.0;38.67568994021073;844.3871617681704;21.0;1804.5969210696815;0.0;13.0;1233.5333069294;0.0753311891066911
jan-900831;0.0;0.0;0.0;0.0;0.0;0.0;0.0;0.0;0.0;7.0;313.5645939414825;0.0;1.0;147.4240355072964;0.09166307797534887
jan-900832;4.0;2996.2822928933633;394131.722996735;1.0;0.0;0.0;9.0;52.01635448695483;934.9982686019802;9.0;66.22402147249952;0.0;16.0;1152.7454403192583;0.048614171608815294
jan-900833;0.0;0.0;0.0;0.0;0.0;0.0;0.0;0.0;0.0;2.0;1169.8197257940028;0.0;0.0;0.0;0.0
jan-900834;0.0;0.0;0.0;3.0;0.0;0.0;8.0;54.14684202755774;1622.0739284210351;29.0;12892.050726125635;0.0;5.0;1138.971771387116;0.12051067060955603
jan-900835;0.0;0.0;0.0;0.0;0.0;0.0;8.0;20.36145073687625;347.57585503278085;9.0;3078.5904458001696;0.0;11.0;1032.651666310899;0.059920196635362535
jan-900836;0.0;0.0;0.0;1.0;0.0;0.0;0.0;0.0;0.0;0.0;0.0;0.0;1.0;72.20694536203403;0.24710941521873225
jan-900837;0.0;0.0;0.0;0.0;0.0;0.0;0.0;0.0;0.0;0.0;0.0;0.0;1.0;0.0;0.0
jan-900838;0.0;0.0;0.0;0.0;0.0;0.0;0.0;0.0;0.0;0.0;0.0;0.0;0.0;0.0;0.0
jan-900839;0.0;0.0;0.0;0.0;0.0;0.0;0.0;0.0;0.0;0.0;0.0;0.0;0.0;0.0;0.0
jan-900840;0.0;0.0;0.0;0.0;0.0;0.0;22.0;250.7148075964085;4255.275110670278;61.0;22562.621665799434;0.0;2.0;166.0916634304904;0.05950770655617754
jan-900841;0.0;0.0;0.0;0.0;0.0;0.0;3.0;10.869222593699229;151.70792470842832;0.0;0.0;0.0;1.0;119.92054233795736;0.07257594596714102
jan-900842;0.0;0.0;0.0;1.0;0.0;0.0;0.0;0.0;0.0;1.0;554.6193230922374;0.0;4.0;211.2685121597103;0.049350226713464576
jan-900843;0.0;0.0;0.0;0.0;0.0;0.0;0.0;0.0;0.0;0.0;0.0;0.0;0.0;0.0;0.0
jan-900844;0.0;0.0;0.0;0.0;0.0;0.0;25.0;43.19221860890398;1122.032687701408;11.0;4211.606211108753;0.0;4.0;807.0189680880515;0.12165510935249753
jan-900845;0.0;0.0;0.0;0.0;0.0;0.0;0.0;0.0;0.0;56.0;15010.44585453312;0.0;4.0;236.11966107801163;0.03984634119068481
jan-900846;2.0;498.28113702224664;103022.22949075386;0.0;0.0;0.0;41.0;191.63949817191892;4428.688990031947;104.0;20577.955060270913;0.0;8.0;892.3437618489876;0.06200430221404533
jan-900847;0.0;0.0;0.0;0.0;0.0;0.0;17.0;80.33627191614588;1866.8050691560697;30.0;8668.517071763086;0.0;1.0;76.58833348726887;0.04128626571508885
jan-900848;0.0;0.0;0.0;0.0;0.0;0.0;0.0;0.0;0.0;0.0;0.0;0.0;0.0;0.0;0.0
jan-900849;0.0;0.0;0.0;0.0;0.0;0.0;7.0;43.95760640535321;493.23149124860674;1.0;486.8457043097279;0.0;3.0;370.90864319269684;0.07411939111355634
jan-900850;0.0;0.0;0.0;0.0;0.0;0.0;0.0;0.0;0.0;0.0;0.0;0.0;0.0;0.0;0.0
jan-900851;0.0;0.0;0.0;0.0;0.0;0.0;11.0;40.14164120629656;352.14402109806616;13.0;3929.925903805817;0.0;3.0;183.25764571459817;0.03914741775254311
jan-900852;0.0;0.0;0.0;0.0;0.0;0.0;0.0;0.0;0.0;0.0;0.0;0.0;0.0;0.0;0.0
jan-900853;0.0;0.0;0.0;0.0;0.0;0.0;0.0;0.0;0.0;0.0;0.0;0.0;0.0;0.0;0.0
jan-900854;0.0;0.0;0.0;0.0;0.0;0.0;0.0;0.0;0.0;0.0;0.0;0.0;2.0;164.39306476552127;0.034651888273703815
jan-900855;0.0;0.0;0.0;1.0;0.0;0.0;25.0;71.64454685611662;911.8714887993657;24.0;10522.951304804556;0.0;4.0;304.3763758007768;0.05462621065794983
jan-900856;0.0;0.0;0.0;1.0;0.0;0.0;3.0;17.083110409368214;199.420769186115;3.0;945.8394442579599;0.0;1.0;40.01020597115607;0.0357123403516455
jan-900857;0.0;0.0;0.0;0.0;0.0;0.0;35.0;44.6033965562217;583.6171628737843;15.0;2017.8658753812504;0.0;5.0;480.4233168953702;0.07398351597550559
jan-900858;0.0;0.0;0.0;0.0;0.0;0.0;0.0;0.0;0.0;5.0;1549.1755268262643;0.0;0.0;0.0;0.0
jan-900859;0.0;0.0;0.0;1.0;0.0;0.0;18.0;154.2316102557454;2520.6379110209036;172.0;10870.043757265044;0.0;10.0;958.4480464144558;0.0719003298496234
jan-900860;0.0;0.0;0.0;0.0;0.0;0.0;2.0;2.630160101796911;36.30365541309555;0.0;0.0;0.0;8.0;486.5193219024085;0.037250877113853276
jan-900861;0.0;0.0;0.0;0.0;0.0;0.0;0.0;0.0;0.0;1.0;404.3609657273161;0.0;2.0;607.998978139011;0.19146449134215635
jan-900862;0.0;0.0;0.0;0.0;0.0;0.0;2.0;8.5261734662039;204.98713954849495;1.0;422.7113274009271;0.0;0.0;0.0;0.0
jan-900863;0.0;0.0;0.0;0.0;0.0;0.0;3.0;47.08454533870541;737.3323105892039;13.0;403.8633544155508;0.0;0.0;0.0;0.0
jan-900864;0.0;0.0;0.0;0.0;0.0;0.0;0.0;0.0;0.0;0.0;0.0;0.0;0.0;0.0;0.0
jan-900865;0.0;0.0;0.0;0.0;0.0;0.0;0.0;0.0;0.0;0.0;0.0;0.0;1.0;208.51873364124054;0.1066498289227043
jan-900866;0.0;0.0;0.0;0.0;0.0;0.0;0.0;0.0;0.0;0.0;0.0;0.0;1.0;46.34824489011112;0.036317824374296585
jan-900867;0.0;0.0;0.0;1.0;0.0;0.0;0.0;0.0;0.0;66.0;3727.791717972485;0.0;4.0;640.0588447916251;0.14449400551384498
jan-900868;0.0;0.0;0.0;0.0;0.0;0.0;0.0;0.0;0.0;0.0;0.0;0.0;0.0;0.0;0.0
jan-900869;0.0;0.0;0.0;0.0;0.0;0.0;18.0;14.713144412680716;192.66564936189067;3.0;652.1074228429372;0.0;6.0;363.2290430824271;0.051968897076259284
jan-900870;0.0;0.0;0.0;0.0;0.0;0.0;0.0;0.0;0.0;5.0;1003.9973301408377;0.0;5.0;198.102852884982;0.035037496829589315
jan-900871;0.0;0.0;0.0;0.0;0.0;0.0;0.0;0.0;0.0;0.0;0.0;0.0;1.0;17.00106990953306;0.014141173999649911
jan-900872;0.0;0.0;0.0;0.0;0.0;0.0;0.0;0.0;0.0;4.0;962.5761438146259;0.0;0.0;0.0;0.0
jan-900873;0.0;0.0;0.0;0.0;0.0;0.0;0.0;0.0;0.0;0.0;0.0;0.0;0.0;0.0;0.0
jan-900874;0.0;0.0;0.0;0.0;0.0;0.0;0.0;0.0;0.0;68.0;3337.452724172969;0.0;4.0;213.31153620521067;0.06337439917727991
jan-900875;0.0;0.0;0.0;0.0;0.0;0.0;4.0;16.358080675167557;222.64612071901908;1.0;450.77671991494253;0.0;0.0;0.0;0.0
jan-900876;0.0;0.0;0.0;0.0;0.0;0.0;2.0;7.33176020125768;117.75127317104567;0.0;0.0;0.0;1.0;95.306064325206;0.062040675360841464
jan-900877;0.0;0.0;0.0;0.0;0.0;0.0;0.0;0.0;0.0;0.0;0.0;0.0;5.0;156.4252632819423;0.02869586098469725
jan-900878;0.0;0.0;0.0;0.0;0.0;0.0;0.0;0.0;0.0;73.0;18371.087566144;0.0;4.0;406.00246311809514;0.05037190106796865
jan-900879;0.0;0.0;0.0;0.0;0.0;0.0;16.0;4.438434360449505;98.63428699909994;1.0;4.265718730841576;0.0;5.0;438.5864531392818;0.05899695654905781
jan-900880;0.0;0.0;0.0;0.0;0.0;0.0;0.0;0.0;0.0;4.0;69.08105880910092;0.0;2.0;217.13141470613894;0.10976395371196482
jan-900881;0.0;0.0;0.0;0.0;0.0;0.0;0.0;0.0;0.0;0.0;0.0;0.0;0.0;0.0;0.0
jan-900882;0.0;0.0;0.0;0.0;0.0;0.0;0.0;0.0;0.0;0.0;0.0;0.0;0.0;0.0;0.0
jan-900883;0.0;0.0;0.0;0.0;0.0;0.0;0.0;0.0;0.0;0.0;0.0;0.0;0.0;0.0;0.0
jan-900884;0.0;0.0;0.0;0.0;0.0;0.0;0.0;0.0;0.0;0.0;0.0;0.0;0.0;0.0;0.0
jan-900885;0.0;0.0;0.0;0.0;0.0;0.0;0.0;0.0;0.0;0.0;0.0;0.0;2.0;90.78098981050394;0.05729865759088642
jan-900886;0.0;0.0;0.0;0.0;0.0;0.0;0.0;0.0;0.0;0.0;0.0;0.0;1.0;89.04872827746523;0.08079945765011719
jan-900887;0.0;0.0;0.0;0.0;0.0;0.0;17.0;36.843027701180695;530.6649886337666;1.0;493.0131067375155;0.0;11.0;797.8801333555625;0.05464647977971405
jan-900888;0.0;0.0;0.0;0.0;0.0;0.0;0.0;0.0;0.0;0.0;0.0;0.0;0.0;0.0;0.0
jan-900889;0.0;0.0;0.0;0.0;0.0;0.0;6.0;43.307500881631825;566.4168386329021;3.0;1823.287804906665;0.0;0.0;0.0;0.0
jan-900890;0.0;0.0;0.0;0.0;0.0;0.0;0.0;0.0;0.0;0.0;0.0;0.0;0.0;0.0;0.0
jan-900891;0.0;0.0;0.0;0.0;0.0;0.0;0.0;0.0;0.0;60.0;2649.368397829558;0.0;1.0;88.05377481449588;0.05302323552087209
jan-900892;0.0;0.0;0.0;0.0;0.0;0.0;0.0;0.0;0.0;0.0;0.0;0.0;5.0;150.56833465737216;0.02260912973856533
jan-900893;0.0;0.0;0.0;0.0;0.0;0.0;0.0;0.0;0.0;0.0;0.0;0.0;2.0;71.91730984166846;0.03150306244230231
jan-900894;0.0;0.0;0.0;0.0;0.0;0.0;0.0;0.0;0.0;0.0;0.0;0.0;1.0;65.99122278817325;0.06602930151915028
jan-900895;0.0;0.0;0.0;0.0;0.0;0.0;0.0;0.0;0.0;3.0;329.1046133685589;0.0;3.0;140.60050541522017;0.03823443685687198
jan-900896;0.0;0.0;0.0;0.0;0.0;0.0;0.0;0.0;0.0;0.0;0.0;0.0;0.0;0.0;0.0
jan-900897;0.0;0.0;0.0;0.0;0.0;0.0;0.0;0.0;0.0;0.0;0.0;0.0;9.0;578.9226958847918;0.04928633158347264
jan-900898;0.0;0.0;0.0;0.0;0.0;0.0;0.0;0.0;0.0;0.0;0.0;0.0;1.0;49.49713336398471;0.03703161774834663
jan-900899;0.0;0.0;0.0;0.0;0.0;0.0;0.0;0.0;0.0;0.0;0.0;0.0;0.0;0.0;0.0
jan-900900;0.0;0.0;0.0;1.0;0.0;0.0;4.0;20.642104631190726;173.59288630137956;24.0;2187.208423641101;0.0;6.0;777.3193879929852;0.08710032223966704
jan-900901;0.0;0.0;0.0;0.0;0.0;0.0;0.0;0.0;0.0;0.0;0.0;0.0;0.0;0.0;0.0
jan-900902;0.0;0.0;0.0;0.0;0.0;0.0;2.0;6.494529819920249;77.40819584290179;2.0;865.8365834063575;0.0;0.0;0.0;0.0
jan-900903;0.0;0.0;0.0;0.0;0.0;0.0;8.0;60.88330501977718;1311.8304291016157;5.0;1572.8740078287624;0.0;5.0;633.8286965075923;0.09273231916986283
jan-900904;0.0;0.0;0.0;0.0;0.0;0.0;0.0;0.0;0.0;4.0;1835.7531762754525;0.0;1.0;43.568573858682996;0.04832618198931284
jan-900905;0.0;0.0;0.0;0.0;0.0;0.0;0.0;0.0;0.0;0.0;0.0;0.0;0.0;0.0;0.0
jan-900906;0.0;0.0;0.0;0.0;0.0;0.0;32.0;95.33752824314575;1078.6423377891417;34.0;8344.83310205662;0.0;6.0;725.9239627392602;0.07549863494643787
jan-900907;0.0;0.0;0.0;0.0;0.0;0.0;2.0;3.475411310393187;51.07510881432252;4.0;112.24609882463068;0.0;10.0;785.2144421579598;0.04565676549576369
jan-900908;0.0;0.0;0.0;0.0;0.0;0.0;16.0;28.12237953004855;322.7284639563574;0.0;0.0;0.0;2.0;254.51474718122086;0.08068363594135332
jan-900909;0.0;0.0;0.0;0.0;0.0;0.0;0.0;0.0;0.0;0.0;0.0;0.0;0.0;0.0;0.0
jan-900910;0.0;0.0;0.0;0.0;0.0;0.0;0.0;0.0;0.0;28.0;9567.645254003983;0.0;7.0;461.43483455747537;0.044163520941174005
jan-900911;0.0;0.0;0.0;0.0;0.0;0.0;3.0;10.392230891283793;106.81574828957356;1.0;564.623229803454;0.0;0.0;0.0;0.0
jan-900912;0.0;0.0;0.0;0.0;0.0;0.0;4.0;11.420313792843817;100.40106726739225;0.0;0.0;0.0;0.0;0.0;0.0
jan-900913;0.0;0.0;0.0;0.0;0.0;0.0;0.0;0.0;0.0;0.0;0.0;0.0;0.0;0.0;0.0
jan-900914;0.0;0.0;0.0;1.0;0.0;0.0;3.0;5.942144454010015;67.83401475788509;13.0;4119.114100239431;0.0;4.0;330.77915175136906;0.06449544801027178
jan-900915;0.0;0.0;0.0;0.0;0.0;0.0;0.0;0.0;0.0;0.0;0.0;0.0;1.0;84.85068497162123;0.07181691404115914
jan-900916;0.0;0.0;0.0;0.0;0.0;0.0;10.0;50.067277447335655;767.0995157575562;4.0;1578.2089387278907;0.0;0.0;0.0;0.0
jan-900917;0.0;0.0;0.0;0.0;0.0;0.0;50.0;183.77207362570553;2960.0770330445216;58.0;18275.304643276424;0.0;6.0;766.102166157155;0.09214215698396098
jan-900918;0.0;0.0;0.0;0.0;0.0;0.0;2.0;0.7643809934814838;7.879944347438213;1.0;324.7437300490594;0.0;2.0;87.32041885547956;0.04090090200460061
jan-900919;0.0;0.0;0.0;0.0;0.0;0.0;0.0;0.0;0.0;0.0;0.0;0.0;1.0;50.66888377319011;0.08588004559027286
jan-900920;0.0;0.0;0.0;0.0;0.0;0.0;0.0;0.0;0.0;3.0;1819.5836371208127;0.0;1.0;93.55032429349234;0.06819995064503478
jan-900921;0.0;0.0;0.0;0.0;0.0;0.0;0.0;0.0;0.0;0.0;0.0;0.0;0.0;0.0;0.0
jan-900922;0.0;0.0;0.0;0.0;0.0;0.0;7.0;17.737516524418126;270.5577686544769;6.0;1262.5155233746245;0.0;4.0;173.59769202354167;0.035515877832599727
jan-900923;0.0;0.0;0.0;0.0;0.0;0.0;0.0;0.0;0.0;0.0;0.0;0.0;0.0;0.0;0.0
jan-900924;0.0;0.0;0.0;0.0;0.0;0.0;0.0;0.0;0.0;0.0;0.0;0.0;0.0;0.0;0.0
jan-900925;0.0;0.0;0.0;1.0;0.0;0.0;0.0;0.0;0.0;5.0;159.54822467199625;0.0;3.0;109.18792133665269;0.03075026346758712
jan-900926;0.0;0.0;0.0;0.0;0.0;0.0;10.0;154.87852490623902;2214.4724956254345;123.0;10074.72660995234;0.0;3.0;212.26955887836604;0.045910713232584686
jan-900927;0.0;0.0;0.0;0.0;0.0;0.0;0.0;0.0;0.0;5.0;874.7499375390506;0.0;0.0;0.0;0.0
jan-900928;0.0;0.0;0.0;1.0;0.0;0.0;0.0;0.0;0.0;6.0;2984.719529363027;0.0;1.0;32.72937281224687;0.02698318424414295
jan-900929;0.0;0.0;0.0;0.0;0.0;0.0;0.0;0.0;0.0;0.0;0.0;0.0;0.0;0.0;0.0
jan-900930;0.0;0.0;0.0;0.0;0.0;0.0;0.0;0.0;0.0;9.0;3442.7905213618938;0.0;3.0;437.6967530975469;0.05776328637239985
jan-900931;0.0;0.0;0.0;0.0;0.0;0.0;0.0;0.0;0.0;0.0;0.0;0.0;1.0;68.30184224581238;0.04901160269523521
jan-900932;0.0;0.0;0.0;0.0;0.0;0.0;0.0;0.0;0.0;0.0;0.0;0.0;0.0;0.0;0.0
jan-900933;0.0;0.0;0.0;0.0;0.0;0.0;2.0;2.5225712120731205;28.976654228349204;0.0;0.0;0.0;1.0;26.242581650031042;0.02539441184843556
jan-900934;0.0;0.0;0.0;0.0;0.0;0.0;21.0;73.9109345120724;807.1856430634975;8.0;1465.5882490940185;0.0;3.0;137.59995994054856;0.033892658458004106
jan-900935;0.0;0.0;0.0;0.0;0.0;0.0;3.0;3.833529281261537;44.98272861671739;26.0;7886.297438262736;0.0;4.0;262.8442357616307;0.03934083600861573
jan-900936;0.0;0.0;0.0;0.0;0.0;0.0;0.0;0.0;0.0;0.0;0.0;0.0;0.0;0.0;0.0
jan-900937;0.0;0.0;0.0;0.0;0.0;0.0;0.0;0.0;0.0;0.0;0.0;0.0;0.0;0.0;0.0
jan-900938;0.0;0.0;0.0;0.0;0.0;0.0;0.0;0.0;0.0;1.0;507.8776202130601;0.0;1.0;25.979505035362905;0.01785465105002914
jan-900939;0.0;0.0;0.0;1.0;0.0;0.0;0.0;0.0;0.0;3.0;541.5014663944801;0.0;3.0;144.62820516999304;0.02679841493264212
jan-900940;0.0;0.0;0.0;0.0;0.0;0.0;0.0;0.0;0.0;0.0;0.0;0.0;0.0;0.0;0.0
jan-900941;0.0;0.0;0.0;0.0;0.0;0.0;0.0;0.0;0.0;2.0;774.1802613866423;0.0;3.0;83.60685261061121;0.029151275196990328
jan-900942;0.0;0.0;0.0;0.0;0.0;0.0;0.0;0.0;0.0;0.0;0.0;0.0;0.0;0.0;0.0
jan-900943;0.0;0.0;0.0;0.0;0.0;0.0;0.0;0.0;0.0;0.0;0.0;0.0;4.0;255.34767556152454;0.03845665733157458
jan-900944;0.0;0.0;0.0;1.0;0.0;0.0;42.0;122.4328292786057;1441.9965678683568;44.0;8707.40012654272;0.0;8.0;791.506238663176;0.05616277242879399
jan-900945;0.0;0.0;0.0;0.0;0.0;0.0;16.0;31.82958067810222;474.24138945478165;11.0;2581.499984003046;0.0;2.0;375.3243537484321;0.10298291170215065
jan-900946;0.0;0.0;0.0;0.0;0.0;0.0;0.0;0.0;0.0;0.0;0.0;0.0;0.0;0.0;0.0
jan-900947;0.0;0.0;0.0;0.0;0.0;0.0;12.0;7.73151549118388;117.64773525911158;0.0;0.0;0.0;3.0;247.9444191907988;0.06698117243682608
jan-900948;0.0;0.0;0.0;0.0;0.0;0.0;0.0;0.0;0.0;0.0;0.0;0.0;0.0;0.0;0.0
jan-900949;0.0;0.0;0.0;0.0;0.0;0.0;0.0;0.0;0.0;0.0;0.0;0.0;0.0;0.0;0.0
jan-900950;0.0;0.0;0.0;0.0;0.0;0.0;0.0;0.0;0.0;9.0;1676.3576115039475;0.0;2.0;86.73737599779604;0.033103553900952466
jan-900951;0.0;0.0;0.0;0.0;0.0;0.0;0.0;0.0;0.0;0.0;0.0;0.0;0.0;0.0;0.0
jan-900952;0.0;0.0;0.0;0.0;0.0;0.0;0.0;0.0;0.0;0.0;0.0;0.0;0.0;0.0;0.0
jan-900953;0.0;0.0;0.0;0.0;0.0;0.0;0.0;0.0;0.0;0.0;0.0;0.0;0.0;0.0;0.0
jan-900954;0.0;0.0;0.0;0.0;0.0;0.0;0.0;0.0;0.0;0.0;0.0;0.0;1.0;120.92544402996835;0.059470068959645316
jan-900955;0.0;0.0;0.0;0.0;0.0;0.0;16.0;134.78419746569475;2454.6879517364687;8.0;2262.4766174986935;0.0;4.0;757.0264818204206;0.09343088890415109
jan-900956;0.0;0.0;0.0;0.0;0.0;0.0;2.0;5.05713808466342;88.74326036904284;2.0;910.3010795569749;0.0;2.0;267.8924906542082;0.1052498810727075
jan-900957;0.0;0.0;0.0;0.0;0.0;0.0;0.0;0.0;0.0;0.0;0.0;0.0;1.0;57.31765710599451;0.043426441308450185
jan-900958;0.0;0.0;0.0;0.0;0.0;0.0;10.0;16.46606885397544;515.4308306802367;5.0;1179.991117855214;0.0;3.0;744.3865198760725;0.10236335779149171
jan-900959;0.0;0.0;0.0;0.0;0.0;0.0;18.0;62.92919016158156;886.3430261334686;7.0;841.3261786544266;0.0;3.0;431.54227055717814;0.09288244147473121
jan-900960;0.0;0.0;0.0;0.0;0.0;0.0;0.0;0.0;0.0;0.0;0.0;0.0;0.0;0.0;0.0
jan-900961;0.0;0.0;0.0;0.0;0.0;0.0;0.0;0.0;0.0;1.0;201.04037798191357;0.0;0.0;0.0;0.0
jan-900962;0.0;0.0;0.0;0.0;0.0;0.0;2.0;0.21939825837382748;2.8882564688154835;19.0;8955.465378546232;0.0;2.0;201.89657593986564;0.07880941954877285
jan-900963;0.0;0.0;0.0;0.0;0.0;0.0;0.0;0.0;0.0;0.0;0.0;0.0;0.0;0.0;0.0
jan-900964;0.0;0.0;0.0;0.0;0.0;0.0;0.0;0.0;0.0;3.0;1042.171004731554;0.0;0.0;0.0;0.0
jan-900965;0.0;0.0;0.0;0.0;0.0;0.0;0.0;0.0;0.0;0.0;0.0;0.0;0.0;0.0;0.0
jan-900966;0.0;0.0;0.0;0.0;0.0;0.0;0.0;0.0;0.0;4.0;933.7141111525705;0.0;6.0;269.21121673549635;0.0416702007890487
jan-900967;0.0;0.0;0.0;0.0;0.0;0.0;0.0;0.0;0.0;1.0;579.7053832617308;0.0;2.0;122.1124989551945;0.05245106010851987
jan-900968;0.0;0.0;0.0;0.0;0.0;0.0;49.0;547.8758910461142;11238.587670575216;100.0;57478.963404957154;0.0;9.0;657.8656956426013;0.05730326535989505
jan-900969;0.0;0.0;0.0;0.0;0.0;0.0;0.0;0.0;0.0;0.0;0.0;0.0;0.0;0.0;0.0
jan-900970;0.0;0.0;0.0;0.0;0.0;0.0;0.0;0.0;0.0;0.0;0.0;0.0;0.0;0.0;0.0
jan-900971;0.0;0.0;0.0;0.0;0.0;0.0;0.0;0.0;0.0;0.0;0.0;0.0;1.0;58.24422309882342;0.05962796448945629
jan-900972;0.0;0.0;0.0;0.0;0.0;0.0;25.0;29.970211929852233;286.12988811794287;1.0;489.4638407577314;0.0;2.0;137.92064340448442;0.059477022805081214
jan-900973;0.0;0.0;0.0;0.0;0.0;0.0;1.0;0.0;2.769856413056992;0.0;0.0;0.0;8.0;674.3226941198616;0.059725796760351245
jan-900974;0.0;0.0;0.0;0.0;0.0;0.0;0.0;0.0;0.0;24.0;7954.297841177125;0.0;4.0;184.56989784305716;0.0373501723090627
jan-900975;0.0;0.0;0.0;0.0;0.0;0.0;0.0;0.0;0.0;0.0;0.0;0.0;0.0;0.0;0.0
jan-900976;0.0;0.0;0.0;0.0;0.0;0.0;11.0;90.11150605268661;2008.8537122775747;79.0;8524.44278864612;0.0;9.0;974.4333831712576;0.06391148599469984
jan-900977;0.0;0.0;0.0;0.0;0.0;0.0;0.0;0.0;0.0;0.0;0.0;0.0;0.0;0.0;0.0
jan-900978;0.0;0.0;0.0;0.0;0.0;0.0;0.0;0.0;0.0;4.0;2136.248652599715;0.0;4.0;154.73139825845348;0.03579169752890684
jan-900979;0.0;0.0;0.0;0.0;0.0;0.0;0.0;0.0;0.0;0.0;0.0;0.0;0.0;0.0;0.0
jan-900980;0.0;0.0;0.0;0.0;0.0;0.0;0.0;0.0;0.0;0.0;0.0;0.0;0.0;0.0;0.0
jan-900981;0.0;0.0;0.0;0.0;0.0;0.0;0.0;0.0;0.0;0.0;0.0;0.0;0.0;0.0;0.0
jan-900982;0.0;0.0;0.0;0.0;0.0;0.0;3.0;6.271097469988913;97.63462865495472;1.0;409.74320835211495;0.0;0.0;0.0;0.0
jan-900983;0.0;0.0;0.0;0.0;0.0;0.0;0.0;0.0;0.0;0.0;0.0;0.0;0.0;0.0;0.0
jan-900984;0.0;0.0;0.0;0.0;0.0;0.0;0.0;0.0;0.0;0.0;0.0;0.0;0.0;0.0;0.0
jan-900985;0.0;0.0;0.0;0.0;0.0;0.0;16.0;25.433290372514367;298.05096054387155;4.0;2325.3973629101056;0.0;2.0;29.991982541836364;0.009098853194507754
jan-900986;0.0;0.0;0.0;0.0;0.0;0.0;0.0;0.0;0.0;0.0;0.0;0.0;1.0;68.0752116029219;0.0462490088687925
jan-900987;0.0;0.0;0.0;0.0;0.0;0.0;0.0;0.0;0.0;0.0;0.0;0.0;0.0;0.0;0.0
jan-900988;0.0;0.0;0.0;0.0;0.0;0.0;0.0;0.0;0.0;0.0;0.0;0.0;0.0;0.0;0.0
jan-900989;0.0;0.0;0.0;0.0;0.0;0.0;0.0;0.0;0.0;1.0;322.33531730159825;0.0;1.0;62.30668134002969;0.046718996108633094
jan-900990;0.0;0.0;0.0;0.0;0.0;0.0;0.0;0.0;0.0;0.0;0.0;0.0;3.0;145.49676282016185;0.04116377886910008
jan-900991;0.0;0.0;0.0;0.0;0.0;0.0;0.0;0.0;0.0;0.0;0.0;0.0;0.0;0.0;0.0
jan-900992;0.0;0.0;0.0;0.0;0.0;0.0;0.0;0.0;0.0;0.0;0.0;0.0;0.0;0.0;0.0
jan-900993;0.0;0.0;0.0;0.0;0.0;0.0;2.0;2.0829608899287084;37.2749310632708;1.0;3.2432680453614218;0.0;1.0;95.63306713359718;0.040589054680640335
jan-900994;0.0;0.0;0.0;0.0;0.0;0.0;0.0;0.0;0.0;0.0;0.0;0.0;0.0;0.0;0.0
jan-900995;0.0;0.0;0.0;0.0;0.0;0.0;10.0;4.995415841316263;51.56553514229213;1.0;113.67199670873138;0.0;1.0;26.813838743994626;0.027694017961201217
jan-900996;0.0;0.0;0.0;0.0;0.0;0.0;0.0;0.0;0.0;0.0;0.0;0.0;0.0;0.0;0.0
jan-900997;0.0;0.0;0.0;0.0;0.0;0.0;0.0;0.0;0.0;3.0;1396.6287119813824;0.0;9.0;485.9086855150134;0.04017465464173431
jan-900998;0.0;0.0;0.0;1.0;0.0;0.0;8.0;15.979858355940667;271.68441595570295;8.0;3205.074481125823;0.0;5.0;244.97496647106564;0.036505155472965845
jan-900999;0.0;0.0;0.0;0.0;0.0;0.0;0.0;0.0;0.0;0.0;0.0;0.0;0.0;0.0;0.0
jan-901000;0.0;0.0;0.0;0.0;0.0;0.0;38.0;239.90025031733555;3130.1115295278705;14.0;6238.12426866773;0.0;10.0;388.3602565975677;0.038901083541396465
jan-901001;0.0;0.0;0.0;0.0;0.0;0.0;0.0;0.0;0.0;8.0;3228.209692710025;0.0;7.0;520.2760350547321;0.053696905827424944
jan-901002;0.0;0.0;0.0;0.0;0.0;0.0;51.0;249.33668369038926;4879.8289505274715;118.0;47208.7666948819;0.0;10.0;687.2707047966002;0.05623815473213463
jan-901003;0.0;0.0;0.0;0.0;0.0;0.0;0.0;0.0;0.0;0.0;0.0;0.0;2.0;100.7768679823591;0.0596086986917626
jan-901004;0.0;0.0;0.0;0.0;0.0;0.0;12.0;73.43538298947011;1017.0748967538602;21.0;7912.21827530055;0.0;10.0;741.12804269605;0.06095853128962693
jan-901005;0.0;0.0;0.0;0.0;0.0;0.0;0.0;0.0;0.0;1.0;11.325476541287777;0.0;1.0;43.65726405254521;0.04925086957943767
jan-901006;0.0;0.0;0.0;0.0;0.0;0.0;0.0;0.0;0.0;0.0;0.0;0.0;0.0;0.0;0.0
jan-901007;0.0;0.0;0.0;2.0;0.0;0.0;7.0;60.64495675945371;1441.6748838328215;112.0;10784.275995943333;0.0;8.0;1462.0314286345479;0.0956492438686239
jan-901008;0.0;0.0;0.0;0.0;0.0;0.0;0.0;0.0;0.0;0.0;0.0;0.0;0.0;0.0;0.0
jan-901009;0.0;0.0;0.0;0.0;0.0;0.0;0.0;0.0;0.0;42.0;9053.280498597032;0.0;8.0;239.1973462759435;0.030299972179279273
jan-901010;0.0;0.0;0.0;1.0;0.0;0.0;11.0;27.095842594240693;242.5209275202227;0.0;0.0;0.0;2.0;178.92474215819297;0.08812926678315454
jan-901011;0.0;0.0;0.0;0.0;0.0;0.0;0.0;0.0;0.0;7.0;636.9441988113321;0.0;6.0;682.7474989425397;0.06193610754489629
jan-901012;0.0;0.0;0.0;0.0;0.0;0.0;0.0;0.0;0.0;1.0;389.82362954323145;0.0;0.0;0.0;0.0
jan-901013;0.0;0.0;0.0;0.0;0.0;0.0;0.0;0.0;0.0;0.0;0.0;0.0;7.0;249.59936437484012;0.032039780735990696
jan-901014;0.0;0.0;0.0;0.0;0.0;0.0;0.0;0.0;0.0;0.0;0.0;0.0;1.0;56.10145818998405;0.04201253411875927
jan-901015;0.0;0.0;0.0;0.0;0.0;0.0;0.0;0.0;0.0;0.0;0.0;0.0;0.0;0.0;0.0
jan-901016;0.0;0.0;0.0;0.0;0.0;0.0;16.0;84.20115055007466;958.3617796363991;21.0;7402.351385845529;0.0;2.0;162.13921686495797;0.05993624059986309
jan-901017;0.0;0.0;0.0;0.0;0.0;0.0;12.0;91.00738424645967;2241.704979204001;20.0;2633.415054097459;0.0;5.0;570.7277515137414;0.06639076969683341
jan-901018;0.0;0.0;0.0;0.0;0.0;0.0;0.0;0.0;0.0;0.0;0.0;0.0;0.0;0.0;0.0
jan-901019;0.0;0.0;0.0;0.0;0.0;0.0;13.0;17.705863801725613;190.10854372205543;1.0;558.7928744200051;0.0;4.0;435.1233232498209;0.08002175410935995
jan-901020;0.0;0.0;0.0;0.0;0.0;0.0;0.0;0.0;0.0;0.0;0.0;0.0;2.0;150.68149826497654;0.06531760074039707
jan-901021;0.0;0.0;0.0;0.0;0.0;0.0;0.0;0.0;0.0;0.0;0.0;0.0;0.0;0.0;0.0
jan-901022;0.0;0.0;0.0;0.0;0.0;0.0;0.0;0.0;0.0;0.0;0.0;0.0;0.0;0.0;0.0
jan-901023;0.0;0.0;0.0;0.0;0.0;0.0;0.0;0.0;0.0;1.0;25.176983875289864;0.0;1.0;76.20478056393729;0.08388644064320323
jan-901024;0.0;0.0;0.0;0.0;0.0;0.0;0.0;0.0;0.0;0.0;0.0;0.0;0.0;0.0;0.0
jan-901025;0.0;0.0;0.0;0.0;0.0;0.0;4.0;34.24207694187293;439.1386863217902;20.0;863.2801788684638;0.0;2.0;188.9506522438661;0.05965683383820625
jan-901026;0.0;0.0;0.0;0.0;0.0;0.0;0.0;0.0;0.0;0.0;0.0;0.0;0.0;0.0;0.0
jan-901027;0.0;0.0;0.0;0.0;0.0;0.0;0.0;0.0;0.0;0.0;0.0;0.0;0.0;0.0;0.0
jan-901028;0.0;0.0;0.0;0.0;0.0;0.0;2.0;5.047135185471433;54.111868621806465;1.0;337.66613212757665;0.0;1.0;42.108204216475784;0.04503862056235246
jan-901029;0.0;0.0;0.0;0.0;0.0;0.0;2.0;4.6682430425889905;59.09367884544726;1.0;574.4975803005128;0.0;1.0;67.70325056568345;0.039406907964647325
jan-901030;0.0;0.0;0.0;0.0;0.0;0.0;14.0;38.72344047049572;800.414944409867;8.0;2408.948436058494;0.0;3.0;459.98323647355625;0.08151244258984831
jan-901031;0.0;0.0;0.0;0.0;0.0;0.0;6.0;12.619507151326737;140.89425935967776;3.0;1152.7335683072833;0.0;1.0;30.708976887373748;0.02328600516285947
jan-901032;0.0;0.0;0.0;0.0;0.0;0.0;24.0;156.45252609103792;1502.327823723505;28.0;5477.103921230948;0.0;3.0;320.24067711834294;0.09542784369294834
jan-901033;0.0;0.0;0.0;0.0;0.0;0.0;38.0;60.01751592193538;720.4490069897333;12.0;2956.021839387554;0.0;8.0;884.9532631285939;0.07985639327503345
jan-901034;0.0;0.0;0.0;0.0;0.0;0.0;41.0;49.95019420071836;927.8156126712732;3.0;1017.1712295164517;0.0;9.0;533.1570503391247;0.052311963900543976
jan-901035;0.0;0.0;0.0;0.0;0.0;0.0;0.0;0.0;0.0;0.0;0.0;0.0;0.0;0.0;0.0
jan-901036;0.0;0.0;0.0;0.0;0.0;0.0;0.0;0.0;0.0;20.0;7328.615855560189;0.0;6.0;325.11732268881013;0.05019102811772287
jan-901037;0.0;0.0;0.0;1.0;0.0;0.0;0.0;0.0;0.0;3.0;534.0586423156055;0.0;5.0;282.34617897002244;0.0431308067629405
jan-901038;0.0;0.0;0.0;0.0;0.0;0.0;8.0;166.00040092865893;2133.8047311849127;70.0;3349.732464082125;0.0;1.0;34.42352356218883;0.02269882304965904
jan-901039;0.0;0.0;0.0;0.0;0.0;0.0;0.0;0.0;0.0;1.0;5.833707678280318;0.0;1.0;41.0204193162329;0.033100869364582765
jan-901040;0.0;0.0;0.0;0.0;0.0;0.0;0.0;0.0;0.0;0.0;0.0;0.0;0.0;0.0;0.0
jan-901041;0.0;0.0;0.0;0.0;0.0;0.0;0.0;0.0;0.0;0.0;0.0;0.0;0.0;0.0;0.0
jan-901042;0.0;0.0;0.0;0.0;0.0;0.0;2.0;4.748410441139554;50.76961626289143;42.0;2883.9517076324173;0.0;9.0;455.2740415707948;0.044679252200945194
jan-901043;0.0;0.0;0.0;0.0;0.0;0.0;16.0;38.10938904223793;992.361474839048;10.0;4326.461591197544;0.0;3.0;486.7153399505269;0.0833735727250795
jan-901044;0.0;0.0;0.0;0.0;0.0;0.0;8.0;58.027935356747186;724.0012007969364;3.0;975.3684856164334;0.0;1.0;171.18842038938615;0.10837967061756604
jan-901045;0.0;0.0;0.0;0.0;0.0;0.0;0.0;0.0;0.0;0.0;0.0;0.0;0.0;0.0;0.0
jan-901046;0.0;0.0;0.0;0.0;0.0;0.0;0.0;0.0;0.0;0.0;0.0;0.0;0.0;0.0;0.0
jan-901047;0.0;0.0;0.0;1.0;0.0;0.0;17.0;86.73607853228452;1125.8913571767323;26.0;14826.43266283708;0.0;6.0;433.60891286627503;0.04764713265129845
jan-901048;0.0;0.0;0.0;0.0;0.0;0.0;0.0;0.0;0.0;0.0;0.0;0.0;0.0;0.0;0.0
jan-901049;0.0;0.0;0.0;0.0;0.0;0.0;16.0;120.58240389910372;1947.680520904483;9.0;2773.355048237453;0.0;4.0;704.7752956227527;0.09855608046518453
jan-901050;0.0;0.0;0.0;0.0;0.0;0.0;0.0;0.0;0.0;0.0;0.0;0.0;0.0;0.0;0.0
jan-901051;0.0;0.0;0.0;0.0;0.0;0.0;2.0;0.07223923139525926;0.9810552028187822;0.0;0.0;0.0;1.0;171.51796754954188;0.14120612347200187
jan-901052;0.0;0.0;0.0;0.0;0.0;0.0;13.0;34.88176762167615;361.37662298735097;8.0;3603.1892189727314;0.0;3.0;121.93207584331367;0.03815532551118193
jan-901053;0.0;0.0;0.0;0.0;0.0;0.0;0.0;0.0;0.0;0.0;0.0;0.0;0.0;0.0;0.0
jan-901054;0.0;0.0;0.0;0.0;0.0;0.0;0.0;0.0;0.0;0.0;0.0;0.0;0.0;0.0;0.0
jan-901055;0.0;0.0;0.0;0.0;0.0;0.0;0.0;0.0;0.0;2.0;1256.4660898271618;0.0;1.0;90.55364422009407;0.06189598428263603
jan-901056;0.0;0.0;0.0;0.0;0.0;0.0;16.0;75.2753094314689;1119.199102840987;34.0;21090.844685573476;0.0;2.0;379.0025335235765;0.11587634792119594
jan-901057;0.0;0.0;0.0;0.0;0.0;0.0;2.0;9.703488888650545;103.1557745053424;2.0;1063.7639546037528;0.0;0.0;0.0;0.0
jan-901058;0.0;0.0;0.0;0.0;0.0;0.0;0.0;0.0;0.0;4.0;557.0047849763747;0.0;4.0;204.07158021417223;0.0358584973890725
jan-901059;0.0;0.0;0.0;0.0;0.0;0.0;0.0;0.0;0.0;1.0;298.2177965567342;0.0;1.0;135.4861643753721;0.08443472741103442
jan-901060;0.0;0.0;0.0;0.0;0.0;0.0;0.0;0.0;0.0;1.0;694.843108593138;0.0;1.0;88.37923544524774;0.0805526173430348
jan-901061;0.0;0.0;0.0;0.0;0.0;0.0;18.0;24.816077648003144;353.09107569437253;2.0;990.123892485447;0.0;7.0;430.47938074774146;0.03646034857423878
jan-901062;0.0;0.0;0.0;1.0;0.0;0.0;0.0;0.0;0.0;1.0;17.155844002237643;0.0;4.0;281.0980169819171;0.056176680071941806
jan-901063;0.0;0.0;0.0;0.0;0.0;0.0;0.0;0.0;0.0;2.0;994.9111898200989;0.0;7.0;253.44850383438987;0.048608939248353265
jan-901064;0.0;0.0;0.0;0.0;0.0;0.0;0.0;0.0;0.0;6.0;1528.028409793337;0.0;0.0;0.0;0.0
jan-901065;0.0;0.0;0.0;0.0;0.0;0.0;0.0;0.0;0.0;0.0;0.0;0.0;0.0;0.0;0.0
jan-901066;0.0;0.0;0.0;0.0;0.0;0.0;0.0;0.0;0.0;21.0;2901.461456242078;0.0;1.0;85.04495164475514;0.09684599429623189
jan-901067;0.0;0.0;0.0;0.0;0.0;0.0;0.0;0.0;0.0;0.0;0.0;0.0;0.0;0.0;0.0
jan-901068;0.0;0.0;0.0;0.0;0.0;0.0;0.0;0.0;0.0;0.0;0.0;0.0;0.0;0.0;0.0
jan-901069;0.0;0.0;0.0;0.0;0.0;0.0;0.0;0.0;0.0;0.0;0.0;0.0;2.0;180.59040480106725;0.10817264224289122
jan-901070;0.0;0.0;0.0;1.0;0.0;0.0;6.0;13.617422282796651;249.05862844190142;14.0;6373.794993003186;0.0;2.0;237.2006228356888;0.07402167654833296
jan-901071;0.0;0.0;0.0;0.0;0.0;0.0;7.0;78.36670186438096;963.495128401748;115.0;7275.113577894657;0.0;2.0;178.92369705843444;0.069923349936053
jan-901072;0.0;0.0;0.0;0.0;0.0;0.0;17.0;37.81498522512187;504.03146654667455;3.0;1644.377917552212;0.0;5.0;303.2830228559404;0.0397957164042691
jan-901073;0.0;0.0;0.0;0.0;0.0;0.0;5.0;28.567869030026554;668.8328008663755;8.0;1406.1724491759333;0.0;1.0;413.0530391250283;0.24014715047455193
jan-901074;0.0;0.0;0.0;0.0;0.0;0.0;0.0;0.0;0.0;0.0;0.0;0.0;5.0;159.37082995581295;0.035212948305137465
jan-901075;0.0;0.0;0.0;0.0;0.0;0.0;0.0;0.0;0.0;0.0;0.0;0.0;0.0;0.0;0.0
jan-901076;0.0;0.0;0.0;0.0;0.0;0.0;0.0;0.0;0.0;0.0;0.0;0.0;0.0;0.0;0.0
jan-901077;0.0;0.0;0.0;0.0;0.0;0.0;0.0;0.0;0.0;2.0;503.34900005637064;0.0;0.0;0.0;0.0
jan-901078;0.0;0.0;0.0;0.0;0.0;0.0;0.0;0.0;0.0;0.0;0.0;0.0;0.0;0.0;0.0
jan-901079;0.0;0.0;0.0;1.0;0.0;0.0;0.0;0.0;0.0;3.0;405.1328225975419;0.0;0.0;0.0;0.0
jan-901080;0.0;0.0;0.0;0.0;0.0;0.0;0.0;0.0;0.0;0.0;0.0;0.0;0.0;0.0;0.0
jan-901081;0.0;0.0;0.0;0.0;0.0;0.0;0.0;0.0;0.0;0.0;0.0;0.0;4.0;440.3418488111406;0.04696867329734634
jan-901082;0.0;0.0;0.0;0.0;0.0;0.0;0.0;0.0;0.0;4.0;1136.3166257759367;0.0;1.0;23.037658882945067;0.021677811789722747
jan-901083;0.0;0.0;0.0;0.0;0.0;0.0;0.0;0.0;0.0;0.0;0.0;0.0;2.0;60.86398756760429;0.01589363143163616
jan-901084;0.0;0.0;0.0;0.0;0.0;0.0;0.0;0.0;0.0;0.0;0.0;0.0;0.0;0.0;0.0
jan-901085;0.0;0.0;0.0;0.0;0.0;0.0;4.0;68.56940071136746;920.2416326030665;10.0;190.42628477071682;0.0;0.0;0.0;0.0
jan-901086;0.0;0.0;0.0;1.0;0.0;0.0;6.0;6.817706029527964;99.36565932265952;0.0;0.0;0.0;1.0;111.42180040463914;0.06117835272521187
jan-901087;0.0;0.0;0.0;0.0;0.0;0.0;30.0;27.991068340908257;395.0832929826478;5.0;1986.5619927570467;0.0;6.0;167.32742691711013;0.029790636412253876
jan-901088;0.0;0.0;0.0;0.0;0.0;0.0;2.0;5.686200888403418;79.38672507087689;16.0;5856.813824590151;0.0;7.0;517.7581872465695;0.05853281693418681
jan-901089;0.0;0.0;0.0;1.0;0.0;0.0;0.0;0.0;0.0;1.0;45.415550970680485;0.0;2.0;89.63984740150197;0.05253435562565202
jan-901090;0.0;0.0;0.0;0.0;0.0;0.0;0.0;0.0;0.0;0.0;0.0;0.0;0.0;0.0;0.0
jan-901091;0.0;0.0;0.0;0.0;0.0;0.0;13.0;75.2826329127121;682.1361137225134;0.0;0.0;0.0;6.0;369.0785516246979;0.052629720071763954
jan-901092;0.0;0.0;0.0;0.0;0.0;0.0;0.0;0.0;0.0;0.0;0.0;0.0;2.0;64.37387292637888;0.10067115779993653
jan-901093;0.0;0.0;0.0;0.0;0.0;0.0;0.0;0.0;0.0;0.0;0.0;0.0;0.0;0.0;0.0
jan-901094;0.0;0.0;0.0;0.0;0.0;0.0;0.0;0.0;0.0;0.0;0.0;0.0;0.0;0.0;0.0
jan-901095;0.0;0.0;0.0;0.0;0.0;0.0;0.0;0.0;0.0;0.0;0.0;0.0;0.0;0.0;0.0
jan-901096;0.0;0.0;0.0;0.0;0.0;0.0;25.0;189.68350065072067;1926.0275272346846;10.0;2181.0780324911107;0.0;1.0;130.57845143949274;0.10142772043622114
jan-901097;0.0;0.0;0.0;0.0;0.0;0.0;0.0;0.0;0.0;0.0;0.0;0.0;0.0;0.0;0.0
jan-901098;0.0;0.0;0.0;0.0;0.0;0.0;0.0;0.0;0.0;0.0;0.0;0.0;2.0;87.51439350620502;0.0337474580716606
jan-901099;0.0;0.0;0.0;0.0;0.0;0.0;0.0;0.0;0.0;14.0;3074.75583703286;0.0;6.0;534.1814329134438;0.08990330594338969
jan-901100;0.0;0.0;0.0;0.0;0.0;0.0;0.0;0.0;0.0;0.0;0.0;0.0;0.0;0.0;0.0
jan-901101;0.0;0.0;0.0;0.0;0.0;0.0;0.0;0.0;0.0;0.0;0.0;0.0;1.0;65.4439309384693;0.04705435144495646
jan-901102;0.0;0.0;0.0;0.0;0.0;0.0;0.0;0.0;0.0;0.0;0.0;0.0;0.0;0.0;0.0
jan-901103;0.0;0.0;0.0;0.0;0.0;0.0;24.0;63.70988687998863;964.9562899468531;11.0;6032.2818361554855;0.0;6.0;617.0430915750208;0.07314407557999615
jan-901104;0.0;0.0;0.0;0.0;0.0;0.0;0.0;0.0;0.0;12.0;5617.5282955644825;0.0;3.0;135.03888984578793;0.040654600861879844
jan-901105;0.0;0.0;0.0;0.0;0.0;0.0;0.0;0.0;0.0;0.0;0.0;0.0;0.0;0.0;0.0
jan-901106;0.0;0.0;0.0;0.0;0.0;0.0;27.0;401.3448996217864;9274.840674210469;506.0;34907.83756256335;0.0;10.0;1026.4592413027483;0.06958413775319408
jan-901107;0.0;0.0;0.0;0.0;0.0;0.0;0.0;0.0;0.0;0.0;0.0;0.0;0.0;0.0;0.0
jan-901108;0.0;0.0;0.0;0.0;0.0;0.0;0.0;0.0;0.0;13.0;3835.1889743922434;0.0;2.0;123.02025796604303;0.03668981076376315
jan-901109;0.0;0.0;0.0;0.0;0.0;0.0;6.0;3.5720518649689113;50.84974058486277;3.0;860.0647579936415;0.0;8.0;188.72854918729678;0.026980825837323707
jan-901110;0.0;0.0;0.0;0.0;0.0;0.0;0.0;0.0;0.0;0.0;0.0;0.0;0.0;0.0;0.0
jan-901111;0.0;0.0;0.0;0.0;0.0;0.0;0.0;0.0;0.0;2.0;476.0467724267658;0.0;1.0;45.64690130677379;0.029772447221015554
jan-901112;0.0;0.0;0.0;0.0;0.0;0.0;0.0;0.0;0.0;0.0;0.0;0.0;0.0;0.0;0.0
jan-901113;0.0;0.0;0.0;0.0;0.0;0.0;0.0;0.0;0.0;0.0;0.0;0.0;0.0;0.0;0.0
jan-901114;0.0;0.0;0.0;0.0;0.0;0.0;15.0;28.243042764069532;308.7886239492023;11.0;671.0512275366019;0.0;1.0;82.80935726783248;0.05538228466385858
jan-901115;0.0;0.0;0.0;0.0;0.0;0.0;8.0;31.922360397565306;437.7572290688493;9.0;4292.463610156346;0.0;3.0;399.4976320550742;0.08231317463822813
jan-901116;0.0;0.0;0.0;1.0;0.0;0.0;0.0;0.0;0.0;0.0;0.0;0.0;3.0;85.23145731401551;0.04295002138643586
jan-901117;0.0;0.0;0.0;0.0;0.0;0.0;0.0;0.0;0.0;0.0;0.0;0.0;2.0;64.19925658462925;0.06042486651666098
jan-901118;0.0;0.0;0.0;0.0;0.0;0.0;0.0;0.0;0.0;0.0;0.0;0.0;1.0;501.66309270066097;0.5619396169602839
jan-901119;0.0;0.0;0.0;0.0;0.0;0.0;0.0;0.0;0.0;0.0;0.0;0.0;0.0;0.0;0.0
jan-901120;0.0;0.0;0.0;0.0;0.0;0.0;2.0;14.903546352720657;173.79000110057905;0.0;0.0;0.0;0.0;0.0;0.0
jan-901121;0.0;0.0;0.0;1.0;0.0;0.0;31.0;121.8544910349938;1650.6630662069595;5.0;607.5797394906522;0.0;6.0;780.5341047996168;0.09614430005422653
jan-901122;0.0;0.0;0.0;0.0;0.0;0.0;6.0;23.17056016639149;241.96871011577625;1.0;356.32748555253715;0.0;1.0;29.67439879229111;0.020164801499831454
jan-901123;0.0;0.0;0.0;0.0;0.0;0.0;0.0;0.0;0.0;23.0;9858.934277642544;0.0;7.0;579.2069187563866;0.060661181288534566
jan-901124;0.0;0.0;0.0;0.0;0.0;0.0;10.0;32.43144330343786;413.86433438663005;11.0;4401.03621280618;0.0;4.0;442.53483558850684;0.08703347123990121
jan-901125;0.0;0.0;0.0;0.0;0.0;0.0;0.0;0.0;0.0;0.0;0.0;0.0;0.0;0.0;0.0
jan-901126;0.0;0.0;0.0;0.0;0.0;0.0;2.0;45.628310432753544;446.32622784862593;28.0;1061.298308897948;0.0;0.0;0.0;0.0
jan-901127;0.0;0.0;0.0;0.0;0.0;0.0;19.0;261.62984716404554;3124.0147266313566;181.0;10520.18017086271;0.0;6.0;820.012107054552;0.1066821976652805
jan-901128;0.0;0.0;0.0;0.0;0.0;0.0;0.0;0.0;0.0;0.0;0.0;0.0;0.0;0.0;0.0
jan-901129;0.0;0.0;0.0;4.0;0.0;0.0;4.0;4.85007471456304;52.44466716167168;5.0;2262.887376394864;0.0;5.0;195.50504616423567;0.03518829300191196
jan-901130;0.0;0.0;0.0;0.0;0.0;0.0;0.0;0.0;0.0;0.0;0.0;0.0;0.0;0.0;0.0
jan-901131;0.0;0.0;0.0;0.0;0.0;0.0;0.0;0.0;0.0;6.0;438.68607765135835;0.0;4.0;194.32024751850204;0.030707637937248095
jan-901132;0.0;0.0;0.0;0.0;0.0;0.0;0.0;0.0;0.0;0.0;0.0;0.0;1.0;34.168924640445105;0.02797630262237921
jan-901133;0.0;0.0;0.0;0.0;0.0;0.0;0.0;0.0;0.0;0.0;0.0;0.0;0.0;0.0;0.0
jan-901134;0.0;0.0;0.0;0.0;0.0;0.0;0.0;0.0;0.0;0.0;0.0;0.0;0.0;0.0;0.0
jan-901135;0.0;0.0;0.0;0.0;0.0;0.0;0.0;0.0;0.0;0.0;0.0;0.0;1.0;86.47370920398392;0.07287317046672877
jan-901136;0.0;0.0;0.0;0.0;0.0;0.0;0.0;0.0;0.0;0.0;0.0;0.0;0.0;0.0;0.0
jan-901137;0.0;0.0;0.0;0.0;0.0;0.0;0.0;0.0;0.0;24.0;10252.35928923234;0.0;1.0;69.36165129471924;0.06492804113179389
jan-901138;0.0;0.0;0.0;0.0;0.0;0.0;0.0;0.0;0.0;0.0;0.0;0.0;2.0;25.8491332029377;0.013612847607288947
jan-901139;0.0;0.0;0.0;0.0;0.0;0.0;0.0;0.0;0.0;11.0;593.5844201958492;0.0;3.0;320.2824339899395;0.09096873382860501
jan-901140;0.0;0.0;0.0;0.0;0.0;0.0;2.0;5.813174049273587;59.39755879730575;1.0;372.9085329940202;0.0;1.0;48.08208731482349;0.0455377068164328
jan-901141;0.0;0.0;0.0;0.0;0.0;0.0;0.0;0.0;0.0;0.0;0.0;0.0;0.0;0.0;0.0
jan-901142;0.0;0.0;0.0;0.0;0.0;0.0;8.0;40.55030162418044;741.835181044838;56.0;2962.591561984055;0.0;4.0;596.8945223538723;0.0799311742340875
jan-901143;0.0;0.0;0.0;0.0;0.0;0.0;4.0;0.26016951103167146;4.5890627661458385;1.0;421.68818553592257;0.0;0.0;0.0;0.0
jan-901144;0.0;0.0;0.0;0.0;0.0;0.0;0.0;0.0;0.0;0.0;0.0;0.0;0.0;0.0;0.0
jan-901145;0.0;0.0;0.0;0.0;0.0;0.0;0.0;0.0;0.0;0.0;0.0;0.0;0.0;0.0;0.0
jan-901146;0.0;0.0;0.0;0.0;0.0;0.0;0.0;0.0;0.0;0.0;0.0;0.0;0.0;0.0;0.0
jan-901147;0.0;0.0;0.0;0.0;0.0;0.0;3.0;4.666767101071263;95.2265722866766;0.0;0.0;0.0;0.0;0.0;0.0
jan-901148;0.0;0.0;0.0;0.0;0.0;0.0;0.0;0.0;0.0;2.0;995.6651552555034;0.0;0.0;0.0;0.0
jan-901149;0.0;0.0;0.0;0.0;0.0;0.0;0.0;0.0;0.0;0.0;0.0;0.0;1.0;23.80848571525374;0.0653260717782622
jan-901150;0.0;0.0;0.0;0.0;0.0;0.0;5.0;34.72540500440427;345.1408575495891;4.0;881.0869737676626;0.0;1.0;22.608910545896173;0.023353935009305823
jan-901151;0.0;0.0;0.0;0.0;0.0;0.0;2.0;0.4315798298358405;3.183035659078636;0.0;0.0;0.0;2.0;43.654148146564914;0.028693699714409226
jan-901152;0.0;0.0;0.0;0.0;0.0;0.0;13.0;43.059068817321496;900.0115679858635;31.0;12304.636833503195;0.0;1.0;213.22825291993001;0.12921990871111497
jan-901153;0.0;0.0;0.0;0.0;0.0;0.0;13.0;133.75191592930105;751.4085587377674;12.0;2749.7372703016053;0.0;0.0;0.0;0.0
jan-901154;0.0;0.0;0.0;0.0;0.0;0.0;0.0;0.0;0.0;0.0;0.0;0.0;2.0;127.27955026123531;0.048501638604528524
jan-901155;0.0;0.0;0.0;1.0;0.0;0.0;5.0;36.77407875250971;496.08078884494074;6.0;2309.618421032099;0.0;1.0;129.12993141879704;0.12407740122538764
jan-901156;0.0;0.0;0.0;0.0;0.0;0.0;0.0;0.0;0.0;0.0;0.0;0.0;0.0;0.0;0.0
jan-901157;0.0;0.0;0.0;0.0;0.0;0.0;3.0;7.262266083037501;137.5426057617653;1.0;428.9797268959636;0.0;1.0;175.54628864373294;0.11225410277436691
jan-901158;0.0;0.0;0.0;0.0;0.0;0.0;0.0;0.0;0.0;0.0;0.0;0.0;2.0;205.73034435523704;0.18801087051751778
jan-901159;0.0;0.0;0.0;0.0;0.0;0.0;43.0;46.02901512188935;653.091503464017;5.0;2018.8560570501274;0.0;4.0;411.1682826079599;0.05892666262650505
jan-901160;0.0;0.0;0.0;0.0;0.0;0.0;2.0;2.6009635553105808;30.242035553851245;0.0;0.0;0.0;1.0;87.85926986764088;0.06759960594241275
jan-901161;0.0;0.0;0.0;0.0;0.0;0.0;9.0;14.851969148781706;124.56658179160307;5.0;2803.1958923011416;0.0;2.0;97.30481792835589;0.036633668096580294
jan-901162;0.0;0.0;0.0;0.0;0.0;0.0;16.0;22.11795428623396;317.8367378339666;2.0;785.263450161396;0.0;2.0;233.3113363649494;0.09840830948540495
jan-901163;0.0;0.0;0.0;0.0;0.0;0.0;27.0;61.82610597177659;831.5787425506022;21.0;7005.430190803812;0.0;3.0;175.0008291685057;0.04465618278104075
jan-901164;0.0;0.0;0.0;0.0;0.0;0.0;0.0;0.0;0.0;0.0;0.0;0.0;0.0;0.0;0.0
jan-901165;0.0;0.0;0.0;0.0;0.0;0.0;6.0;36.49438491552307;556.1620492877394;7.0;1249.7268194819032;0.0;0.0;0.0;0.0
jan-901166;0.0;0.0;0.0;0.0;0.0;0.0;4.0;29.068281776348364;246.21465181300397;2.0;38.670008977506384;0.0;0.0;0.0;0.0
jan-901167;0.0;0.0;0.0;1.0;1.0;9.107246301765441;0.0;0.0;0.0;22.0;4243.120463295058;0.0;1.0;109.15295909954679;0.052549017050694126
jan-901168;0.0;0.0;0.0;0.0;0.0;0.0;0.0;0.0;0.0;0.0;0.0;0.0;0.0;0.0;0.0
jan-901169;0.0;0.0;0.0;1.0;0.0;0.0;0.0;0.0;0.0;5.0;1282.6183546415762;0.0;9.0;619.8357808324776;0.054949027985773564
jan-901170;0.0;0.0;0.0;0.0;0.0;0.0;13.0;15.867294941217867;135.7117708232345;3.0;1154.416638945646;0.0;3.0;143.61164708090783;0.032007618058543616
jan-901171;0.0;0.0;0.0;0.0;0.0;0.0;0.0;0.0;0.0;0.0;0.0;0.0;0.0;0.0;0.0
jan-901172;0.0;0.0;0.0;0.0;0.0;0.0;0.0;0.0;0.0;0.0;0.0;0.0;0.0;0.0;0.0
jan-901173;0.0;0.0;0.0;0.0;0.0;0.0;0.0;0.0;0.0;2.0;637.8668021628164;0.0;2.0;90.195482728067;0.06136079107272802
jan-901174;0.0;0.0;0.0;0.0;0.0;0.0;0.0;0.0;0.0;0.0;0.0;0.0;1.0;17.67279912111454;0.01887675660121705
jan-901175;0.0;0.0;0.0;0.0;0.0;0.0;0.0;0.0;0.0;7.0;187.98086734062858;0.0;0.0;0.0;0.0
jan-901176;0.0;0.0;0.0;0.0;0.0;0.0;0.0;0.0;0.0;0.0;0.0;0.0;9.0;779.0479748491575;0.059166482292513256
jan-901177;0.0;0.0;0.0;0.0;0.0;0.0;0.0;0.0;0.0;0.0;0.0;0.0;0.0;0.0;0.0
jan-901178;0.0;0.0;0.0;0.0;0.0;0.0;0.0;0.0;0.0;2.0;733.8450152914631;0.0;0.0;0.0;0.0
jan-901179;0.0;0.0;0.0;0.0;0.0;0.0;17.0;82.21575522092643;2001.8699369676299;26.0;9266.185349577067;0.0;1.0;69.52994240816508;0.039416692981302744
jan-901180;0.0;0.0;0.0;0.0;0.0;0.0;0.0;0.0;0.0;0.0;0.0;0.0;0.0;0.0;0.0
jan-901181;0.0;0.0;0.0;0.0;0.0;0.0;0.0;0.0;0.0;2.0;13.049568338693344;0.0;1.0;40.74885630844181;0.040169163867163626
jan-901182;0.0;0.0;0.0;0.0;0.0;0.0;0.0;0.0;0.0;3.0;96.8308743791923;0.0;0.0;0.0;0.0
jan-901183;0.0;0.0;0.0;0.0;0.0;0.0;0.0;0.0;0.0;12.0;538.5233006933255;0.0;0.0;0.0;0.0
jan-901184;0.0;0.0;0.0;0.0;0.0;0.0;15.0;53.70639610280812;789.9213549897651;7.0;3189.9291846505016;0.0;2.0;305.7079074530606;0.08871284740093217
jan-901185;0.0;0.0;0.0;0.0;0.0;0.0;7.0;12.749660731180342;314.86769970508806;1.0;455.03912103220244;0.0;1.0;143.58917366622381;0.05995870976098207
jan-901186;0.0;0.0;0.0;0.0;0.0;0.0;0.0;0.0;0.0;0.0;0.0;0.0;0.0;0.0;0.0
jan-901187;0.0;0.0;0.0;0.0;0.0;0.0;3.0;7.423799604533737;161.45942587740223;1.0;439.86631728818793;0.0;1.0;43.54722050600664;0.03339416332729404
jan-901188;0.0;0.0;0.0;0.0;0.0;0.0;4.0;23.539856966982367;162.08917649603256;3.0;1226.0996907853878;0.0;1.0;99.53912783513329;0.08224881667937503
jan-901189;0.0;0.0;0.0;0.0;0.0;0.0;0.0;0.0;0.0;3.0;3.4840119063597896;0.0;3.0;620.0901970620178;0.13491554621657678
jan-901190;0.0;0.0;0.0;0.0;0.0;0.0;0.0;0.0;0.0;0.0;0.0;0.0;0.0;0.0;0.0
jan-901191;0.0;0.0;0.0;3.0;0.0;0.0;0.0;0.0;0.0;0.0;0.0;0.0;0.0;0.0;0.0
jan-901192;0.0;0.0;0.0;0.0;0.0;0.0;0.0;0.0;0.0;1.0;399.85337032572266;0.0;1.0;10.21186506863939;0.009803493913112003
jan-901193;0.0;0.0;0.0;0.0;0.0;0.0;0.0;0.0;0.0;1.0;6.16774729158362;0.0;0.0;0.0;0.0
jan-901194;0.0;0.0;0.0;0.0;0.0;0.0;0.0;0.0;0.0;0.0;0.0;0.0;1.0;79.36303959322942;0.05739795368589738
jan-901195;0.0;0.0;0.0;0.0;0.0;0.0;0.0;0.0;0.0;0.0;0.0;0.0;0.0;0.0;0.0
jan-901196;0.0;0.0;0.0;0.0;0.0;0.0;9.0;72.15231726862113;730.8803519261658;19.0;3074.630797637759;0.0;3.0;150.08505823626845;0.039679644372821635
jan-901197;0.0;0.0;0.0;0.0;0.0;0.0;0.0;0.0;0.0;5.0;1111.7322707850835;0.0;1.0;62.372157364901646;0.04004127017871723
jan-901198;0.0;0.0;0.0;0.0;0.0;0.0;0.0;0.0;0.0;0.0;0.0;0.0;0.0;0.0;0.0
jan-901199;0.0;0.0;0.0;0.0;0.0;0.0;2.0;8.072270104294809;134.06907435428406;1.0;386.95389839179836;0.0;0.0;0.0;0.0
jan-901200;0.0;0.0;0.0;0.0;0.0;0.0;12.0;57.825752896877255;1037.2311142780964;22.0;6312.3927171284095;0.0;3.0;379.6937596742648;0.08419393767735955
jan-901201;0.0;0.0;0.0;0.0;0.0;0.0;0.0;0.0;0.0;7.0;3404.6341261956272;0.0;3.0;114.5355537633299;0.03728833651446894
jan-901202;0.0;0.0;0.0;0.0;0.0;0.0;0.0;0.0;0.0;0.0;0.0;0.0;5.0;215.1270123843224;0.04312070995018075
jan-901203;0.0;0.0;0.0;0.0;0.0;0.0;0.0;0.0;0.0;0.0;0.0;0.0;0.0;0.0;0.0
jan-901204;0.0;0.0;0.0;0.0;0.0;0.0;0.0;0.0;0.0;0.0;0.0;0.0;0.0;0.0;0.0
jan-901205;0.0;0.0;0.0;0.0;0.0;0.0;0.0;0.0;0.0;0.0;0.0;0.0;0.0;0.0;0.0
jan-901206;0.0;0.0;0.0;0.0;0.0;0.0;0.0;0.0;0.0;0.0;0.0;0.0;1.0;25.447377118303052;0.026785831836964424
jan-901207;0.0;0.0;0.0;0.0;0.0;0.0;0.0;0.0;0.0;13.0;4739.50372862057;0.0;0.0;0.0;0.0
jan-901208;0.0;0.0;0.0;0.0;0.0;0.0;0.0;0.0;0.0;0.0;0.0;0.0;0.0;0.0;0.0
jan-901209;0.0;0.0;0.0;0.0;0.0;0.0;0.0;0.0;0.0;28.0;6210.5141651855565;0.0;2.0;224.24565450829758;0.06608667261410799
jan-901210;0.0;0.0;0.0;0.0;0.0;0.0;0.0;0.0;0.0;0.0;0.0;0.0;0.0;0.0;0.0
jan-901211;0.0;0.0;0.0;0.0;0.0;0.0;0.0;0.0;0.0;0.0;0.0;0.0;4.0;301.1823750658526;0.0612279785748017
jan-901212;0.0;0.0;0.0;0.0;0.0;0.0;0.0;0.0;0.0;0.0;0.0;0.0;0.0;0.0;0.0
jan-901213;0.0;0.0;0.0;1.0;0.0;0.0;0.0;0.0;0.0;0.0;0.0;0.0;3.0;142.97689331721887;0.034950731441360246
jan-901214;0.0;0.0;0.0;0.0;0.0;0.0;0.0;0.0;0.0;0.0;0.0;0.0;0.0;0.0;0.0
jan-901215;0.0;0.0;0.0;1.0;0.0;0.0;6.0;36.38196192623535;502.19421224037006;17.0;8393.11573695832;0.0;6.0;762.7715214592464;0.10081570615823048
jan-901216;0.0;0.0;0.0;0.0;0.0;0.0;0.0;0.0;0.0;0.0;0.0;0.0;0.0;0.0;0.0
jan-901217;0.0;0.0;0.0;0.0;0.0;0.0;0.0;0.0;0.0;0.0;0.0;0.0;0.0;0.0;0.0
jan-901218;0.0;0.0;0.0;0.0;0.0;0.0;4.0;6.176803604463464;64.71159373969469;21.0;830.2556262527165;0.0;10.0;515.952191801985;0.04248014630659183
jan-901219;0.0;0.0;0.0;0.0;0.0;0.0;0.0;0.0;0.0;0.0;0.0;0.0;1.0;38.862666877705514;0.029762771237944977
jan-901220;0.0;0.0;0.0;0.0;0.0;0.0;0.0;0.0;0.0;1.0;347.6695126087378;0.0;1.0;75.1838744160304;0.05323485542895945
jan-901221;0.0;0.0;0.0;0.0;0.0;0.0;0.0;0.0;0.0;0.0;0.0;0.0;5.0;326.43430301619696;0.04139867844372003
jan-901222;0.0;0.0;0.0;0.0;0.0;0.0;0.0;0.0;0.0;0.0;0.0;0.0;0.0;0.0;0.0
jan-901223;0.0;0.0;0.0;0.0;0.0;0.0;0.0;0.0;0.0;0.0;0.0;0.0;0.0;0.0;0.0
jan-901224;0.0;0.0;0.0;0.0;0.0;0.0;0.0;0.0;0.0;0.0;0.0;0.0;0.0;0.0;0.0
jan-901225;0.0;0.0;0.0;0.0;0.0;0.0;0.0;0.0;0.0;0.0;0.0;0.0;0.0;0.0;0.0
jan-901226;0.0;0.0;0.0;0.0;0.0;0.0;0.0;0.0;0.0;0.0;0.0;0.0;0.0;0.0;0.0
jan-901227;0.0;0.0;0.0;0.0;0.0;0.0;0.0;0.0;0.0;0.0;0.0;0.0;1.0;61.30315324908965;0.048634263393287844
jan-901228;0.0;0.0;0.0;0.0;0.0;0.0;7.0;43.12586485503665;620.9959865061167;10.0;5885.25631156827;0.0;3.0;89.87026915389427;0.022679432354355187
jan-901229;0.0;0.0;0.0;0.0;0.0;0.0;0.0;0.0;0.0;0.0;0.0;0.0;0.0;0.0;0.0
jan-901230;0.0;0.0;0.0;0.0;0.0;0.0;0.0;0.0;0.0;0.0;0.0;0.0;2.0;82.96233786317498;0.04548095398227968
jan-901231;0.0;0.0;0.0;0.0;0.0;0.0;2.0;3.2503028316038773;47.22931787765624;3.0;335.02367016523806;0.0;1.0;127.0934063032066;0.06470701688720319
jan-901232;0.0;0.0;0.0;0.0;0.0;0.0;0.0;0.0;0.0;0.0;0.0;0.0;0.0;0.0;0.0
jan-901233;0.0;0.0;0.0;0.0;0.0;0.0;0.0;0.0;0.0;0.0;0.0;0.0;0.0;0.0;0.0
jan-901234;0.0;0.0;0.0;0.0;0.0;0.0;0.0;0.0;0.0;0.0;0.0;0.0;0.0;0.0;0.0
jan-901235;0.0;0.0;0.0;0.0;0.0;0.0;0.0;0.0;0.0;0.0;0.0;0.0;1.0;86.82137114613509;0.08708230052714822
jan-901236;0.0;0.0;0.0;0.0;0.0;0.0;0.0;0.0;0.0;0.0;0.0;0.0;0.0;0.0;0.0
jan-901237;0.0;0.0;0.0;0.0;0.0;0.0;10.0;17.371304947982154;177.65208186216762;2.0;664.3499981438041;0.0;1.0;24.665672431643134;0.022919092985828286
jan-901238;0.0;0.0;0.0;0.0;0.0;0.0;0.0;0.0;0.0;1.0;449.8786540303763;0.0;3.0;101.68187506857528;0.040489655662850725
jan-901239;0.0;0.0;0.0;0.0;0.0;0.0;0.0;0.0;0.0;0.0;0.0;0.0;0.0;0.0;0.0
jan-901240;0.0;0.0;0.0;0.0;0.0;0.0;0.0;0.0;0.0;0.0;0.0;0.0;11.0;712.5710020747404;0.05273579975058587
jan-901241;0.0;0.0;0.0;0.0;0.0;0.0;35.0;141.97484179811755;1971.5489459104472;11.0;4103.019223697684;0.0;5.0;388.53449036342164;0.04881903726659823
jan-901242;0.0;0.0;0.0;0.0;0.0;0.0;66.0;195.70203382442224;3076.2983172353347;20.0;11145.508719313117;0.0;8.0;965.2213999056673;0.06632803816388962
jan-901243;0.0;0.0;0.0;0.0;0.0;0.0;0.0;0.0;0.0;3.0;1309.7873997594634;0.0;0.0;0.0;0.0
jan-901244;0.0;0.0;0.0;1.0;0.0;0.0;50.0;305.01294949704334;5023.214399631003;55.0;15437.86608807962;0.0;9.0;1166.0074305564083;0.07306190507891153
jan-901245;0.0;0.0;0.0;0.0;0.0;0.0;2.0;8.179883427930184;158.70218710387172;8.0;3446.8518637984134;0.0;3.0;273.60525790039344;0.1458478552069867
jan-901246;0.0;0.0;0.0;0.0;0.0;0.0;5.0;6.025842914336697;105.98846428432225;2.0;781.5983420005862;0.0;1.0;53.79270821670426;0.03951067988966859
jan-901247;0.0;0.0;0.0;0.0;0.0;0.0;5.0;15.211469736505418;298.1871709815528;4.0;1989.5142154439493;0.0;1.0;184.54361368311228;0.09942635452372223
jan-901248;0.0;0.0;0.0;0.0;0.0;0.0;9.0;20.178313187715172;217.15151277100983;0.0;0.0;0.0;2.0;35.27504983238004;0.011182506336364785
jan-901249;0.0;0.0;0.0;0.0;0.0;0.0;0.0;0.0;0.0;0.0;0.0;0.0;5.0;117.67730062989963;0.023048351824532562
jan-901250;0.0;0.0;0.0;1.0;0.0;0.0;38.0;95.65968447813229;1514.7208848735097;20.0;6600.612933910919;0.0;10.0;1011.1908105432818;0.08647921696740984
jan-901251;0.0;0.0;0.0;0.0;0.0;0.0;0.0;0.0;0.0;0.0;0.0;0.0;0.0;0.0;0.0
jan-901252;0.0;0.0;0.0;0.0;0.0;0.0;0.0;0.0;0.0;0.0;0.0;0.0;2.0;125.93999887165558;0.0660523017113922
jan-901253;0.0;0.0;0.0;0.0;0.0;0.0;0.0;0.0;0.0;0.0;0.0;0.0;0.0;0.0;0.0
jan-901254;0.0;0.0;0.0;0.0;0.0;0.0;0.0;0.0;0.0;0.0;0.0;0.0;3.0;558.9952220299817;0.10633538366918929
jan-901255;0.0;0.0;0.0;0.0;0.0;0.0;13.0;8.012555991432967;222.8431837769129;36.0;8626.378175624453;0.0;5.0;833.2445101917259;0.05952783581116487
jan-901256;0.0;0.0;0.0;0.0;0.0;0.0;36.0;421.6311910750865;7457.021369028737;124.0;27922.26356579613;0.0;5.0;845.6277585975134;0.09163444252109364
jan-901257;0.0;0.0;0.0;0.0;0.0;0.0;0.0;0.0;0.0;2.0;986.5908728260898;0.0;0.0;0.0;0.0
jan-901258;0.0;0.0;0.0;0.0;0.0;0.0;0.0;0.0;0.0;0.0;0.0;0.0;0.0;0.0;0.0
jan-901259;0.0;0.0;0.0;1.0;0.0;0.0;8.0;5.631970466542096;59.843471408228474;1.0;406.83104787191684;0.0;3.0;74.17405466427977;0.023677602959687873
jan-901260;0.0;0.0;0.0;0.0;0.0;0.0;5.0;16.16380065195137;188.82361354227544;2.0;1004.4063626215654;0.0;0.0;0.0;0.0
jan-901261;0.0;0.0;0.0;1.0;1.0;65.89517117652646;0.0;0.0;0.0;7.0;2095.555603105832;0.0;6.0;504.22815185899987;0.04657985223396482
jan-901262;0.0;0.0;0.0;1.0;0.0;0.0;7.0;26.85188963907175;260.5594504244382;57.0;1018.3049298255278;0.0;11.0;285.3638664231137;0.023483089381675034
jan-901263;0.0;0.0;0.0;1.0;0.0;0.0;0.0;0.0;0.0;3.0;380.2714701785845;0.0;0.0;0.0;0.0
jan-901264;0.0;0.0;0.0;0.0;0.0;0.0;2.0;5.892974050600429;81.42055162949308;2.0;770.1033833204682;0.0;0.0;0.0;0.0
jan-901265;0.0;0.0;0.0;0.0;0.0;0.0;0.0;0.0;0.0;0.0;0.0;0.0;1.0;61.66608348913527;0.09534632620607586
jan-901266;0.0;0.0;0.0;0.0;0.0;0.0;0.0;0.0;0.0;4.0;122.73956347522763;0.0;2.0;107.33298827502328;0.02319121329367742
jan-901267;0.0;0.0;0.0;0.0;0.0;0.0;0.0;0.0;0.0;0.0;0.0;0.0;1.0;92.35931175761117;0.07463605552602451
jan-901268;0.0;0.0;0.0;0.0;0.0;0.0;32.0;283.4458283008713;4033.179693264278;1.0;359.4047160065459;0.0;6.0;503.75622060584226;0.07502240856261332
jan-901269;0.0;0.0;0.0;0.0;0.0;0.0;0.0;0.0;0.0;13.0;6291.732651022521;0.0;1.0;53.7444065151892;0.04089067511284148
jan-901270;0.0;0.0;0.0;0.0;0.0;0.0;0.0;0.0;0.0;0.0;0.0;0.0;2.0;37.17143830227004;0.013792003414841325
jan-901271;0.0;0.0;0.0;0.0;0.0;0.0;0.0;0.0;0.0;0.0;0.0;0.0;0.0;0.0;0.0
jan-901272;0.0;0.0;0.0;0.0;0.0;0.0;2.0;19.693040613013014;182.82823912155945;29.0;9387.595398201343;0.0;1.0;20.49236120247964;0.017457400246222016
jan-901273;0.0;0.0;0.0;0.0;0.0;0.0;2.0;15.43982822460761;134.72426111804464;2.0;1093.1517103655945;0.0;1.0;27.833920526908805;0.02504018158574686
jan-901274;0.0;0.0;0.0;0.0;0.0;0.0;0.0;0.0;0.0;0.0;0.0;0.0;0.0;0.0;0.0
jan-901275;0.0;0.0;0.0;0.0;0.0;0.0;0.0;0.0;0.0;0.0;0.0;0.0;0.0;0.0;0.0
jan-901276;0.0;0.0;0.0;0.0;0.0;0.0;6.0;13.058043097668698;143.79968633071744;7.0;2727.2304611294526;0.0;0.0;0.0;0.0
jan-901277;0.0;0.0;0.0;0.0;0.0;0.0;4.0;3.6091535180063845;49.912826602922046;0.0;0.0;0.0;2.0;69.4448264919837;0.07479346193178198
jan-901278;0.0;0.0;0.0;0.0;0.0;0.0;0.0;0.0;0.0;0.0;0.0;0.0;1.0;85.26649199938228;0.05945603783093461
jan-901279;0.0;0.0;0.0;1.0;0.0;0.0;8.0;37.93975476560653;462.4519719088435;4.0;1870.4709502786397;0.0;2.0;64.02574584087401;0.02272068302389059
jan-901280;0.0;0.0;0.0;0.0;0.0;0.0;0.0;0.0;0.0;0.0;0.0;0.0;0.0;0.0;0.0
jan-901281;0.0;0.0;0.0;0.0;0.0;0.0;5.0;17.06220024729816;178.55071077009558;2.0;557.9962419001223;0.0;2.0;203.8222226866367;0.0737580153976215
jan-901282;0.0;0.0;0.0;0.0;0.0;0.0;0.0;0.0;0.0;0.0;0.0;0.0;0.0;0.0;0.0
jan-901283;0.0;0.0;0.0;0.0;0.0;0.0;0.0;0.0;0.0;0.0;0.0;0.0;0.0;0.0;0.0
jan-901284;0.0;0.0;0.0;0.0;0.0;0.0;3.0;14.714908267750673;169.7751643525554;4.0;1763.1360715212215;0.0;7.0;486.4711876575223;0.04163108280330836
jan-901285;0.0;0.0;0.0;0.0;0.0;0.0;0.0;0.0;0.0;0.0;0.0;0.0;0.0;0.0;0.0
jan-901286;0.0;0.0;0.0;0.0;0.0;0.0;0.0;0.0;0.0;1.0;373.9278981258454;0.0;0.0;0.0;0.0
jan-901287;0.0;0.0;0.0;1.0;0.0;0.0;0.0;0.0;0.0;0.0;0.0;0.0;3.0;105.39048162296821;0.030701984261680294
jan-901288;0.0;0.0;0.0;0.0;0.0;0.0;10.0;20.813104445993833;274.800390588835;3.0;1246.5342869658896;0.0;3.0;488.86414914265134;0.09653179315291244
jan-901289;0.0;0.0;0.0;1.0;0.0;0.0;23.0;74.93740730160931;1147.559087522283;23.0;9124.060505988926;0.0;9.0;794.012408821842;0.06098598608796489
jan-901290;0.0;0.0;0.0;1.0;0.0;0.0;35.0;171.74753629611047;2690.3029156228836;39.0;16377.81669241505;0.0;10.0;763.6658907753349;0.04168368883293656
jan-901291;0.0;0.0;0.0;0.0;0.0;0.0;0.0;0.0;0.0;0.0;0.0;0.0;1.0;217.0449466202727;0.1338654588377091
jan-901292;0.0;0.0;0.0;0.0;0.0;0.0;5.0;33.366176698222645;529.8053566594363;8.0;3475.374729896793;0.0;2.0;55.52631606513833;0.025345869833690592
jan-901293;0.0;0.0;0.0;0.0;0.0;0.0;14.0;25.361359529419552;570.1698509849301;9.0;4781.764598103462;0.0;3.0;725.646935451737;0.1409406238338718
jan-901294;0.0;0.0;0.0;0.0;0.0;0.0;0.0;0.0;0.0;0.0;0.0;0.0;0.0;0.0;0.0
jan-901295;0.0;0.0;0.0;0.0;0.0;0.0;0.0;0.0;0.0;1.0;429.0441161687552;0.0;2.0;182.1534967484907;0.06711762780013426
jan-901296;0.0;0.0;0.0;0.0;0.0;0.0;2.0;8.224216088183875;110.77852024558084;2.0;568.0413059659123;0.0;0.0;0.0;0.0
jan-901297;0.0;0.0;0.0;0.0;0.0;0.0;0.0;0.0;0.0;0.0;0.0;0.0;2.0;86.50795185664514;0.03944748617850373
jan-901298;0.0;0.0;0.0;0.0;0.0;0.0;0.0;0.0;0.0;16.0;8127.296832684548;0.0;4.0;500.0566031774241;0.06880959176664452
jan-901299;0.0;0.0;0.0;0.0;0.0;0.0;0.0;0.0;0.0;0.0;0.0;0.0;1.0;7.407106685397197;0.006059866409879294
jan-901300;0.0;0.0;0.0;0.0;0.0;0.0;0.0;0.0;0.0;1.0;509.7429588599085;0.0;6.0;167.8297036443995;0.02573292964676147
jan-901301;0.0;0.0;0.0;0.0;0.0;0.0;0.0;0.0;0.0;1.0;498.36501022741004;0.0;0.0;0.0;0.0
jan-901302;0.0;0.0;0.0;0.0;0.0;0.0;0.0;0.0;0.0;0.0;0.0;0.0;0.0;0.0;0.0
jan-901303;0.0;0.0;0.0;0.0;0.0;0.0;17.0;49.07344443668445;550.2001740297436;10.0;4178.2639133765415;0.0;2.0;171.0891991538976;0.05041149014475649
jan-901304;0.0;0.0;0.0;0.0;0.0;0.0;0.0;0.0;0.0;1.0;547.932018677721;0.0;2.0;120.34504870910892;0.03907272795511141
jan-901305;0.0;0.0;0.0;0.0;0.0;0.0;0.0;0.0;0.0;0.0;0.0;0.0;1.0;60.85248193715974;0.03272843076675068
jan-901306;0.0;0.0;0.0;0.0;0.0;0.0;0.0;0.0;0.0;0.0;0.0;0.0;1.0;172.67538414741577;0.0716762533404319
jan-901307;0.0;0.0;0.0;0.0;0.0;0.0;0.0;0.0;0.0;0.0;0.0;0.0;9.0;725.3831548057717;0.05912380692423678
jan-901308;0.0;0.0;0.0;0.0;0.0;0.0;0.0;0.0;0.0;0.0;0.0;0.0;0.0;0.0;0.0
jan-901309;0.0;0.0;0.0;0.0;0.0;0.0;39.0;147.6030024738138;2033.4197159552484;45.0;20106.82060280386;0.0;14.0;713.835777358558;0.03665971289860256
jan-901310;0.0;0.0;0.0;0.0;0.0;0.0;0.0;0.0;0.0;0.0;0.0;0.0;0.0;0.0;0.0
jan-901311;0.0;0.0;0.0;0.0;0.0;0.0;0.0;0.0;0.0;0.0;0.0;0.0;0.0;0.0;0.0
jan-901312;0.0;0.0;0.0;0.0;0.0;0.0;0.0;0.0;0.0;0.0;0.0;0.0;1.0;20.66137933335051;0.019688183268122866
jan-901313;0.0;0.0;0.0;0.0;0.0;0.0;5.0;4.056906134329284;43.611522076061725;0.0;0.0;0.0;3.0;107.76920203702241;0.03019879798415307
jan-901314;0.0;0.0;0.0;0.0;0.0;0.0;4.0;58.82808057701376;659.5153749092447;7.0;577.3655510201235;0.0;2.0;100.93967660782465;0.04270292550605368
jan-901315;0.0;0.0;0.0;0.0;0.0;0.0;24.0;114.96090937047488;1872.881822627899;38.0;11887.852082643183;0.0;5.0;387.89489077392074;0.07473156436029615
jan-901316;0.0;0.0;0.0;0.0;0.0;0.0;0.0;0.0;0.0;0.0;0.0;0.0;0.0;0.0;0.0
jan-901317;0.0;0.0;0.0;0.0;0.0;0.0;0.0;0.0;0.0;0.0;0.0;0.0;0.0;0.0;0.0
jan-901318;0.0;0.0;0.0;0.0;0.0;0.0;0.0;0.0;0.0;0.0;0.0;0.0;0.0;0.0;0.0
jan-901319;0.0;0.0;0.0;0.0;0.0;0.0;0.0;0.0;0.0;0.0;0.0;0.0;0.0;0.0;0.0
jan-901320;0.0;0.0;0.0;0.0;0.0;0.0;0.0;0.0;0.0;0.0;0.0;0.0;3.0;280.1062105871428;0.04567059366938648
jan-901321;0.0;0.0;0.0;0.0;0.0;0.0;38.0;150.9031240365342;1977.5575018325696;12.0;4870.281299625916;0.0;9.0;577.061738669095;0.05661486987509169
jan-901322;0.0;0.0;0.0;0.0;0.0;0.0;0.0;0.0;0.0;0.0;0.0;0.0;0.0;0.0;0.0
jan-901323;0.0;0.0;0.0;0.0;0.0;0.0;2.0;8.886179650849453;271.27490450590693;18.0;4879.734175961036;0.0;5.0;862.4514582659647;0.08295380895070151
jan-901324;0.0;0.0;0.0;0.0;0.0;0.0;0.0;0.0;0.0;0.0;0.0;0.0;0.0;0.0;0.0
jan-901325;0.0;0.0;0.0;0.0;0.0;0.0;0.0;0.0;0.0;0.0;0.0;0.0;0.0;0.0;0.0
jan-901326;0.0;0.0;0.0;0.0;0.0;0.0;0.0;0.0;0.0;0.0;0.0;0.0;0.0;0.0;0.0
jan-901327;0.0;0.0;0.0;0.0;0.0;0.0;0.0;0.0;0.0;0.0;0.0;0.0;6.0;359.5632760112797;0.057945846767104424
jan-901328;0.0;0.0;0.0;0.0;0.0;0.0;0.0;0.0;0.0;0.0;0.0;0.0;0.0;0.0;0.0
jan-901329;0.0;0.0;0.0;0.0;0.0;0.0;8.0;13.99819183208991;229.8848290943756;0.0;0.0;0.0;1.0;48.46879786555716;0.045910810424878545
jan-901330;0.0;0.0;0.0;0.0;0.0;0.0;0.0;0.0;0.0;13.0;5864.8549950895285;0.0;1.0;39.37260817538593;0.027442744417834574
jan-901331;0.0;0.0;0.0;1.0;0.0;0.0;0.0;0.0;0.0;11.0;3832.8386462579274;0.0;3.0;456.9836206646465;0.11903916521138502
jan-901332;0.0;0.0;0.0;0.0;0.0;0.0;0.0;0.0;0.0;0.0;0.0;0.0;0.0;0.0;0.0
jan-901333;0.0;0.0;0.0;0.0;0.0;0.0;0.0;0.0;0.0;0.0;0.0;0.0;0.0;0.0;0.0
jan-901334;0.0;0.0;0.0;0.0;0.0;0.0;0.0;0.0;0.0;0.0;0.0;0.0;2.0;133.184482015617;0.041461867281705075
jan-901335;0.0;0.0;0.0;0.0;0.0;0.0;0.0;0.0;0.0;0.0;0.0;0.0;0.0;0.0;0.0
jan-901336;0.0;0.0;0.0;0.0;0.0;0.0;0.0;0.0;0.0;3.0;626.1828496383384;0.0;3.0;343.81944691301914;0.10794130740637006
jan-901337;0.0;0.0;0.0;0.0;0.0;0.0;0.0;0.0;0.0;3.0;1238.5991617424813;0.0;0.0;0.0;0.0
jan-901338;0.0;0.0;0.0;0.0;0.0;0.0;0.0;0.0;0.0;0.0;0.0;0.0;0.0;0.0;0.0
jan-901339;0.0;0.0;0.0;0.0;0.0;0.0;0.0;0.0;0.0;0.0;0.0;0.0;0.0;0.0;0.0
jan-901340;0.0;0.0;0.0;0.0;0.0;0.0;42.0;50.65646928420549;725.6280726691267;7.0;3982.4965234972924;0.0;15.0;681.2367395034944;0.03771382404057605
jan-901341;0.0;0.0;0.0;0.0;0.0;0.0;0.0;0.0;0.0;44.0;3791.0935052676878;0.0;1.0;128.27933818531105;0.09646671204020502
jan-901342;0.0;0.0;0.0;0.0;0.0;0.0;0.0;0.0;0.0;0.0;0.0;0.0;0.0;0.0;0.0
jan-901343;0.0;0.0;0.0;0.0;0.0;0.0;61.0;149.23591137364096;2098.890044902492;29.0;19190.75625386039;0.0;11.0;510.84227906292534;0.049825912046079945
jan-901344;0.0;0.0;0.0;0.0;0.0;0.0;0.0;0.0;0.0;0.0;0.0;0.0;0.0;0.0;0.0
jan-901345;0.0;0.0;0.0;0.0;0.0;0.0;0.0;0.0;0.0;0.0;0.0;0.0;0.0;0.0;0.0
jan-901346;0.0;0.0;0.0;0.0;0.0;0.0;7.0;6.1983757710071306;95.60161237884893;26.0;10573.761116996046;0.0;9.0;642.5404116956358;0.06169651209157736
jan-901347;0.0;0.0;0.0;0.0;0.0;0.0;0.0;0.0;0.0;0.0;0.0;0.0;0.0;0.0;0.0
jan-901348;0.0;0.0;0.0;0.0;0.0;0.0;0.0;0.0;0.0;0.0;0.0;0.0;0.0;0.0;0.0
jan-901349;0.0;0.0;0.0;0.0;0.0;0.0;0.0;0.0;0.0;0.0;0.0;0.0;2.0;83.0182701130438;0.038303952039326065
jan-901350;0.0;0.0;0.0;0.0;0.0;0.0;0.0;0.0;0.0;0.0;0.0;0.0;1.0;26.981019622670615;0.026434883477382765
jan-901351;0.0;0.0;0.0;0.0;0.0;0.0;4.0;7.389484074582948;94.59280543635153;2.0;1139.5070001365555;0.0;0.0;0.0;0.0
jan-901352;0.0;0.0;0.0;0.0;0.0;0.0;0.0;0.0;0.0;1.0;18.202221683697235;0.0;1.0;21.68110130536978;0.014681185801926726
jan-901353;0.0;0.0;0.0;0.0;0.0;0.0;2.0;6.76208664142927;157.63708101348604;3.0;1079.2354409736738;0.0;0.0;0.0;0.0
jan-901354;0.0;0.0;0.0;0.0;0.0;0.0;41.0;78.97842004721414;1640.4618753761488;52.0;23314.250013690762;0.0;12.0;792.1088906909492;0.05361845032530606
jan-901355;0.0;0.0;0.0;0.0;0.0;0.0;0.0;0.0;0.0;0.0;0.0;0.0;0.0;0.0;0.0
jan-901356;0.0;0.0;0.0;0.0;0.0;0.0;0.0;0.0;0.0;18.0;2012.9281992764384;0.0;4.0;400.67765745245003;0.06346171477393424
jan-901357;0.0;0.0;0.0;0.0;0.0;0.0;0.0;0.0;0.0;0.0;0.0;0.0;9.0;702.0507038147522;0.06571473100941375
jan-901358;0.0;0.0;0.0;0.0;0.0;0.0;13.0;111.27345239876476;2109.9885579972592;41.0;4916.807785643199;0.0;16.0;1109.7390900012488;0.05925545141722243
jan-901359;0.0;0.0;0.0;0.0;0.0;0.0;86.0;241.02904045591623;3479.511374741518;59.0;20067.163594729707;0.0;13.0;541.0111845480124;0.03648847055748729
jan-901360;0.0;0.0;0.0;0.0;0.0;0.0;0.0;0.0;0.0;0.0;0.0;0.0;0.0;0.0;0.0
jan-901361;0.0;0.0;0.0;0.0;0.0;0.0;0.0;0.0;0.0;9.0;808.0270951671746;0.0;2.0;67.35449104290657;0.03485224620467953
jan-901362;0.0;0.0;0.0;0.0;0.0;0.0;0.0;0.0;0.0;0.0;0.0;0.0;0.0;0.0;0.0
jan-901363;0.0;0.0;0.0;0.0;0.0;0.0;12.0;110.18068426984787;1610.8171601550873;6.0;2591.749478505489;0.0;6.0;770.2325650313605;0.09415722018047899
jan-901364;0.0;0.0;0.0;0.0;0.0;0.0;11.0;33.90596677308789;361.10517056436515;7.0;3139.350000906225;0.0;0.0;0.0;0.0
jan-901365;0.0;0.0;0.0;0.0;0.0;0.0;0.0;0.0;0.0;0.0;0.0;0.0;5.0;226.39980516407863;0.04334619658894165
jan-901366;0.0;0.0;0.0;0.0;0.0;0.0;0.0;0.0;0.0;0.0;0.0;0.0;0.0;0.0;0.0
jan-901367;0.0;0.0;0.0;0.0;0.0;0.0;0.0;0.0;0.0;0.0;0.0;0.0;0.0;0.0;0.0
jan-901368;0.0;0.0;0.0;0.0;0.0;0.0;0.0;0.0;0.0;3.0;850.195662862843;0.0;7.0;218.1912611515273;0.026001464455028656
jan-901369;0.0;0.0;0.0;0.0;0.0;0.0;0.0;0.0;0.0;0.0;0.0;0.0;0.0;0.0;0.0
jan-901370;0.0;0.0;0.0;0.0;0.0;0.0;0.0;0.0;0.0;0.0;0.0;0.0;3.0;86.95038405082654;0.025836603676393264
jan-901371;0.0;0.0;0.0;0.0;0.0;0.0;0.0;0.0;0.0;0.0;0.0;0.0;1.0;18.776847815796444;0.01807785485244245
jan-901372;0.0;0.0;0.0;0.0;0.0;0.0;8.0;25.49132940551235;243.6328796298659;2.0;989.83512942019;0.0;3.0;205.3490855327773;0.05208369443029204
jan-901373;0.0;0.0;0.0;0.0;0.0;0.0;0.0;0.0;0.0;2.0;1009.5049615032683;0.0;0.0;0.0;0.0
jan-901374;0.0;0.0;0.0;0.0;0.0;0.0;0.0;0.0;0.0;2.0;638.6830070575007;0.0;2.0;117.27039339927556;0.0666377181149593
jan-901375;0.0;0.0;0.0;0.0;0.0;0.0;0.0;0.0;0.0;6.0;3920.3029282730913;0.0;2.0;196.22963442521106;0.03941095382443332
jan-901376;0.0;0.0;0.0;0.0;0.0;0.0;0.0;0.0;0.0;0.0;0.0;0.0;0.0;0.0;0.0
jan-901377;0.0;0.0;0.0;0.0;0.0;0.0;0.0;0.0;0.0;0.0;0.0;0.0;0.0;0.0;0.0
jan-901378;0.0;0.0;0.0;0.0;0.0;0.0;0.0;0.0;0.0;0.0;0.0;0.0;0.0;0.0;0.0
jan-901379;0.0;0.0;0.0;1.0;0.0;0.0;19.0;29.868561057479887;539.6201507327432;10.0;2331.4746213144713;0.0;8.0;751.22391714501;0.08052982586556744
jan-901380;0.0;0.0;0.0;0.0;0.0;0.0;62.0;471.97340262158485;11723.778471546246;214.0;65480.14229211226;0.0;10.0;1625.463959491988;0.07990171245125399
jan-901381;0.0;0.0;0.0;0.0;0.0;0.0;0.0;0.0;0.0;0.0;0.0;0.0;0.0;0.0;0.0
jan-901382;0.0;0.0;0.0;0.0;0.0;0.0;2.0;6.933621040035723;84.73401134073019;3.0;42.867812362119246;0.0;0.0;0.0;0.0
jan-901383;0.0;0.0;0.0;0.0;0.0;0.0;10.0;23.988879446642386;392.82916813165747;2.0;311.2511695818876;0.0;2.0;69.18130963182493;0.020396083218695727
jan-901384;0.0;0.0;0.0;0.0;0.0;0.0;0.0;0.0;0.0;0.0;0.0;0.0;0.0;0.0;0.0
jan-901385;0.0;0.0;0.0;0.0;0.0;0.0;13.0;72.24513844674497;929.1321281008799;13.0;4432.867702130559;0.0;3.0;521.1992905671937;0.12052376877141559
jan-901386;0.0;0.0;0.0;0.0;0.0;0.0;82.0;235.72853509814658;4016.1500745755434;38.0;7715.986479664031;0.0;7.0;559.6336665197354;0.04294834041704277
jan-901387;0.0;0.0;0.0;0.0;0.0;0.0;0.0;0.0;0.0;0.0;0.0;0.0;3.0;301.07867145895005;0.1069085348547074
jan-901388;0.0;0.0;0.0;0.0;0.0;0.0;0.0;0.0;0.0;0.0;0.0;0.0;0.0;0.0;0.0
jan-901389;0.0;0.0;0.0;0.0;0.0;0.0;0.0;0.0;0.0;0.0;0.0;0.0;3.0;153.11968985844013;0.05553478472981485
jan-901390;0.0;0.0;0.0;0.0;0.0;0.0;0.0;0.0;0.0;0.0;0.0;0.0;0.0;0.0;0.0
jan-901391;0.0;0.0;0.0;0.0;0.0;0.0;2.0;7.882747302122015;154.46733068058214;1.0;498.8857105397164;0.0;0.0;0.0;0.0
jan-901392;0.0;0.0;0.0;0.0;0.0;0.0;0.0;0.0;0.0;0.0;0.0;0.0;0.0;0.0;0.0
jan-901393;0.0;0.0;0.0;0.0;0.0;0.0;11.0;23.10028901751597;345.9697969318941;9.0;2670.435336185175;0.0;3.0;322.6492577970071;0.06459947089321535
jan-901394;0.0;0.0;0.0;0.0;0.0;0.0;0.0;0.0;0.0;0.0;0.0;0.0;0.0;0.0;0.0
jan-901395;0.0;0.0;0.0;0.0;0.0;0.0;0.0;0.0;0.0;0.0;0.0;0.0;0.0;0.0;0.0
jan-901396;0.0;0.0;0.0;0.0;0.0;0.0;0.0;0.0;0.0;0.0;0.0;0.0;0.0;0.0;0.0
jan-901397;0.0;0.0;0.0;0.0;0.0;0.0;17.0;99.78257722074461;1483.0323457268437;2.0;838.9383557154891;0.0;10.0;752.965860925416;0.061439218068082675
jan-901398;0.0;0.0;0.0;0.0;0.0;0.0;2.0;0.017587708917787936;0.16452585559936334;0.0;0.0;0.0;1.0;50.64045195350028;0.09450549260095609
jan-901399;0.0;0.0;0.0;1.0;0.0;0.0;14.0;38.125587685077186;506.0514420867432;10.0;2469.2088021049067;0.0;2.0;220.62817537526792;0.07150427762917337
